FileName_AOGFP,FileName_AOPI,Metadata_Well,Metadata_Site,Metadata_Plate,Metadata_Width
B10_02_1_10_GFP_001.tif,B10_02_2_10_Propidium Iodide_001.tif,B10,10,220519_094325_Plate_1,1224
B10_02_1_11_GFP_001.tif,B10_02_2_11_Propidium Iodide_001.tif,B10,11,220519_094325_Plate_1,1224
B10_02_1_12_GFP_001.tif,B10_02_2_12_Propidium Iodide_001.tif,B10,12,220519_094325_Plate_1,1224
B10_02_1_13_GFP_001.tif,B10_02_2_13_Propidium Iodide_001.tif,B10,13,220519_094325_Plate_1,1224
B10_02_1_14_GFP_001.tif,B10_02_2_14_Propidium Iodide_001.tif,B10,14,220519_094325_Plate_1,1224
B10_02_1_15_GFP_001.tif,B10_02_2_15_Propidium Iodide_001.tif,B10,15,220519_094325_Plate_1,1224
B10_02_1_16_GFP_001.tif,B10_02_2_16_Propidium Iodide_001.tif,B10,16,220519_094325_Plate_1,1224
B10_02_1_1_GFP_001.tif,B10_02_2_1_Propidium Iodide_001.tif,B10,1,220519_094325_Plate_1,1224
B10_02_1_2_GFP_001.tif,B10_02_2_2_Propidium Iodide_001.tif,B10,2,220519_094325_Plate_1,1224
B10_02_1_3_GFP_001.tif,B10_02_2_3_Propidium Iodide_001.tif,B10,3,220519_094325_Plate_1,1224
B10_02_1_4_GFP_001.tif,B10_02_2_4_Propidium Iodide_001.tif,B10,4,220519_094325_Plate_1,1224
B10_02_1_5_GFP_001.tif,B10_02_2_5_Propidium Iodide_001.tif,B10,5,220519_094325_Plate_1,1224
B10_02_1_6_GFP_001.tif,B10_02_2_6_Propidium Iodide_001.tif,B10,6,220519_094325_Plate_1,1224
B10_02_1_7_GFP_001.tif,B10_02_2_7_Propidium Iodide_001.tif,B10,7,220519_094325_Plate_1,1224
B10_02_1_8_GFP_001.tif,B10_02_2_8_Propidium Iodide_001.tif,B10,8,220519_094325_Plate_1,1224
B10_02_1_9_GFP_001.tif,B10_02_2_9_Propidium Iodide_001.tif,B10,9,220519_094325_Plate_1,1224
B11_02_1_10_GFP_001.tif,B11_02_2_10_Propidium Iodide_001.tif,B11,10,220519_094325_Plate_1,1224
B11_02_1_11_GFP_001.tif,B11_02_2_11_Propidium Iodide_001.tif,B11,11,220519_094325_Plate_1,1224
B11_02_1_12_GFP_001.tif,B11_02_2_12_Propidium Iodide_001.tif,B11,12,220519_094325_Plate_1,1224
B11_02_1_13_GFP_001.tif,B11_02_2_13_Propidium Iodide_001.tif,B11,13,220519_094325_Plate_1,1224
B11_02_1_14_GFP_001.tif,B11_02_2_14_Propidium Iodide_001.tif,B11,14,220519_094325_Plate_1,1224
B11_02_1_15_GFP_001.tif,B11_02_2_15_Propidium Iodide_001.tif,B11,15,220519_094325_Plate_1,1224
B11_02_1_16_GFP_001.tif,B11_02_2_16_Propidium Iodide_001.tif,B11,16,220519_094325_Plate_1,1224
B11_02_1_1_GFP_001.tif,B11_02_2_1_Propidium Iodide_001.tif,B11,1,220519_094325_Plate_1,1224
B11_02_1_2_GFP_001.tif,B11_02_2_2_Propidium Iodide_001.tif,B11,2,220519_094325_Plate_1,1224
B11_02_1_3_GFP_001.tif,B11_02_2_3_Propidium Iodide_001.tif,B11,3,220519_094325_Plate_1,1224
B11_02_1_4_GFP_001.tif,B11_02_2_4_Propidium Iodide_001.tif,B11,4,220519_094325_Plate_1,1224
B11_02_1_5_GFP_001.tif,B11_02_2_5_Propidium Iodide_001.tif,B11,5,220519_094325_Plate_1,1224
B11_02_1_6_GFP_001.tif,B11_02_2_6_Propidium Iodide_001.tif,B11,6,220519_094325_Plate_1,1224
B11_02_1_7_GFP_001.tif,B11_02_2_7_Propidium Iodide_001.tif,B11,7,220519_094325_Plate_1,1224
B11_02_1_8_GFP_001.tif,B11_02_2_8_Propidium Iodide_001.tif,B11,8,220519_094325_Plate_1,1224
B11_02_1_9_GFP_001.tif,B11_02_2_9_Propidium Iodide_001.tif,B11,9,220519_094325_Plate_1,1224
B4_03_1_10_GFP_001.tif,B4_03_2_10_Propidium Iodide_001.tif,B4,10,220519_094325_Plate_1,1224
B4_03_1_11_GFP_001.tif,B4_03_2_11_Propidium Iodide_001.tif,B4,11,220519_094325_Plate_1,1224
B4_03_1_12_GFP_001.tif,B4_03_2_12_Propidium Iodide_001.tif,B4,12,220519_094325_Plate_1,1224
B4_03_1_13_GFP_001.tif,B4_03_2_13_Propidium Iodide_001.tif,B4,13,220519_094325_Plate_1,1224
B4_03_1_14_GFP_001.tif,B4_03_2_14_Propidium Iodide_001.tif,B4,14,220519_094325_Plate_1,1224
B4_03_1_15_GFP_001.tif,B4_03_2_15_Propidium Iodide_001.tif,B4,15,220519_094325_Plate_1,1224
B4_03_1_16_GFP_001.tif,B4_03_2_16_Propidium Iodide_001.tif,B4,16,220519_094325_Plate_1,1224
B4_03_1_1_GFP_001.tif,B4_03_2_1_Propidium Iodide_001.tif,B4,1,220519_094325_Plate_1,1224
B4_03_1_2_GFP_001.tif,B4_03_2_2_Propidium Iodide_001.tif,B4,2,220519_094325_Plate_1,1224
B4_03_1_3_GFP_001.tif,B4_03_2_3_Propidium Iodide_001.tif,B4,3,220519_094325_Plate_1,1224
B4_03_1_4_GFP_001.tif,B4_03_2_4_Propidium Iodide_001.tif,B4,4,220519_094325_Plate_1,1224
B4_03_1_5_GFP_001.tif,B4_03_2_5_Propidium Iodide_001.tif,B4,5,220519_094325_Plate_1,1224
B4_03_1_6_GFP_001.tif,B4_03_2_6_Propidium Iodide_001.tif,B4,6,220519_094325_Plate_1,1224
B4_03_1_7_GFP_001.tif,B4_03_2_7_Propidium Iodide_001.tif,B4,7,220519_094325_Plate_1,1224
B4_03_1_8_GFP_001.tif,B4_03_2_8_Propidium Iodide_001.tif,B4,8,220519_094325_Plate_1,1224
B4_03_1_9_GFP_001.tif,B4_03_2_9_Propidium Iodide_001.tif,B4,9,220519_094325_Plate_1,1224
B5_03_1_10_GFP_001.tif,B5_03_2_10_Propidium Iodide_001.tif,B5,10,220519_094325_Plate_1,1224
B5_03_1_11_GFP_001.tif,B5_03_2_11_Propidium Iodide_001.tif,B5,11,220519_094325_Plate_1,1224
B5_03_1_12_GFP_001.tif,B5_03_2_12_Propidium Iodide_001.tif,B5,12,220519_094325_Plate_1,1224
B5_03_1_13_GFP_001.tif,B5_03_2_13_Propidium Iodide_001.tif,B5,13,220519_094325_Plate_1,1224
B5_03_1_14_GFP_001.tif,B5_03_2_14_Propidium Iodide_001.tif,B5,14,220519_094325_Plate_1,1224
B5_03_1_15_GFP_001.tif,B5_03_2_15_Propidium Iodide_001.tif,B5,15,220519_094325_Plate_1,1224
B5_03_1_16_GFP_001.tif,B5_03_2_16_Propidium Iodide_001.tif,B5,16,220519_094325_Plate_1,1224
B5_03_1_1_GFP_001.tif,B5_03_2_1_Propidium Iodide_001.tif,B5,1,220519_094325_Plate_1,1224
B5_03_1_2_GFP_001.tif,B5_03_2_2_Propidium Iodide_001.tif,B5,2,220519_094325_Plate_1,1224
B5_03_1_3_GFP_001.tif,B5_03_2_3_Propidium Iodide_001.tif,B5,3,220519_094325_Plate_1,1224
B5_03_1_4_GFP_001.tif,B5_03_2_4_Propidium Iodide_001.tif,B5,4,220519_094325_Plate_1,1224
B5_03_1_5_GFP_001.tif,B5_03_2_5_Propidium Iodide_001.tif,B5,5,220519_094325_Plate_1,1224
B5_03_1_6_GFP_001.tif,B5_03_2_6_Propidium Iodide_001.tif,B5,6,220519_094325_Plate_1,1224
B5_03_1_7_GFP_001.tif,B5_03_2_7_Propidium Iodide_001.tif,B5,7,220519_094325_Plate_1,1224
B5_03_1_8_GFP_001.tif,B5_03_2_8_Propidium Iodide_001.tif,B5,8,220519_094325_Plate_1,1224
B5_03_1_9_GFP_001.tif,B5_03_2_9_Propidium Iodide_001.tif,B5,9,220519_094325_Plate_1,1224
B6_03_1_10_GFP_001.tif,B6_03_2_10_Propidium Iodide_001.tif,B6,10,220519_094325_Plate_1,1224
B6_03_1_11_GFP_001.tif,B6_03_2_11_Propidium Iodide_001.tif,B6,11,220519_094325_Plate_1,1224
B6_03_1_12_GFP_001.tif,B6_03_2_12_Propidium Iodide_001.tif,B6,12,220519_094325_Plate_1,1224
B6_03_1_13_GFP_001.tif,B6_03_2_13_Propidium Iodide_001.tif,B6,13,220519_094325_Plate_1,1224
B6_03_1_14_GFP_001.tif,B6_03_2_14_Propidium Iodide_001.tif,B6,14,220519_094325_Plate_1,1224
B6_03_1_15_GFP_001.tif,B6_03_2_15_Propidium Iodide_001.tif,B6,15,220519_094325_Plate_1,1224
B6_03_1_16_GFP_001.tif,B6_03_2_16_Propidium Iodide_001.tif,B6,16,220519_094325_Plate_1,1224
B6_03_1_1_GFP_001.tif,B6_03_2_1_Propidium Iodide_001.tif,B6,1,220519_094325_Plate_1,1224
B6_03_1_2_GFP_001.tif,B6_03_2_2_Propidium Iodide_001.tif,B6,2,220519_094325_Plate_1,1224
B6_03_1_3_GFP_001.tif,B6_03_2_3_Propidium Iodide_001.tif,B6,3,220519_094325_Plate_1,1224
B6_03_1_4_GFP_001.tif,B6_03_2_4_Propidium Iodide_001.tif,B6,4,220519_094325_Plate_1,1224
B6_03_1_5_GFP_001.tif,B6_03_2_5_Propidium Iodide_001.tif,B6,5,220519_094325_Plate_1,1224
B6_03_1_6_GFP_001.tif,B6_03_2_6_Propidium Iodide_001.tif,B6,6,220519_094325_Plate_1,1224
B6_03_1_7_GFP_001.tif,B6_03_2_7_Propidium Iodide_001.tif,B6,7,220519_094325_Plate_1,1224
B6_03_1_8_GFP_001.tif,B6_03_2_8_Propidium Iodide_001.tif,B6,8,220519_094325_Plate_1,1224
B6_03_1_9_GFP_001.tif,B6_03_2_9_Propidium Iodide_001.tif,B6,9,220519_094325_Plate_1,1224
B7_02_1_10_GFP_001.tif,B7_02_2_10_Propidium Iodide_001.tif,B7,10,220519_094325_Plate_1,1224
B7_02_1_11_GFP_001.tif,B7_02_2_11_Propidium Iodide_001.tif,B7,11,220519_094325_Plate_1,1224
B7_02_1_12_GFP_001.tif,B7_02_2_12_Propidium Iodide_001.tif,B7,12,220519_094325_Plate_1,1224
B7_02_1_13_GFP_001.tif,B7_02_2_13_Propidium Iodide_001.tif,B7,13,220519_094325_Plate_1,1224
B7_02_1_14_GFP_001.tif,B7_02_2_14_Propidium Iodide_001.tif,B7,14,220519_094325_Plate_1,1224
B7_02_1_15_GFP_001.tif,B7_02_2_15_Propidium Iodide_001.tif,B7,15,220519_094325_Plate_1,1224
B7_02_1_16_GFP_001.tif,B7_02_2_16_Propidium Iodide_001.tif,B7,16,220519_094325_Plate_1,1224
B7_02_1_1_GFP_001.tif,B7_02_2_1_Propidium Iodide_001.tif,B7,1,220519_094325_Plate_1,1224
B7_02_1_2_GFP_001.tif,B7_02_2_2_Propidium Iodide_001.tif,B7,2,220519_094325_Plate_1,1224
B7_02_1_3_GFP_001.tif,B7_02_2_3_Propidium Iodide_001.tif,B7,3,220519_094325_Plate_1,1224
B7_02_1_4_GFP_001.tif,B7_02_2_4_Propidium Iodide_001.tif,B7,4,220519_094325_Plate_1,1224
B7_02_1_5_GFP_001.tif,B7_02_2_5_Propidium Iodide_001.tif,B7,5,220519_094325_Plate_1,1224
B7_02_1_6_GFP_001.tif,B7_02_2_6_Propidium Iodide_001.tif,B7,6,220519_094325_Plate_1,1224
B7_02_1_7_GFP_001.tif,B7_02_2_7_Propidium Iodide_001.tif,B7,7,220519_094325_Plate_1,1224
B7_02_1_8_GFP_001.tif,B7_02_2_8_Propidium Iodide_001.tif,B7,8,220519_094325_Plate_1,1224
B7_02_1_9_GFP_001.tif,B7_02_2_9_Propidium Iodide_001.tif,B7,9,220519_094325_Plate_1,1224
B8_02_1_10_GFP_001.tif,B8_02_2_10_Propidium Iodide_001.tif,B8,10,220519_094325_Plate_1,1224
B8_02_1_11_GFP_001.tif,B8_02_2_11_Propidium Iodide_001.tif,B8,11,220519_094325_Plate_1,1224
B8_02_1_12_GFP_001.tif,B8_02_2_12_Propidium Iodide_001.tif,B8,12,220519_094325_Plate_1,1224
B8_02_1_13_GFP_001.tif,B8_02_2_13_Propidium Iodide_001.tif,B8,13,220519_094325_Plate_1,1224
B8_02_1_14_GFP_001.tif,B8_02_2_14_Propidium Iodide_001.tif,B8,14,220519_094325_Plate_1,1224
B8_02_1_15_GFP_001.tif,B8_02_2_15_Propidium Iodide_001.tif,B8,15,220519_094325_Plate_1,1224
B8_02_1_16_GFP_001.tif,B8_02_2_16_Propidium Iodide_001.tif,B8,16,220519_094325_Plate_1,1224
B8_02_1_1_GFP_001.tif,B8_02_2_1_Propidium Iodide_001.tif,B8,1,220519_094325_Plate_1,1224
B8_02_1_2_GFP_001.tif,B8_02_2_2_Propidium Iodide_001.tif,B8,2,220519_094325_Plate_1,1224
B8_02_1_3_GFP_001.tif,B8_02_2_3_Propidium Iodide_001.tif,B8,3,220519_094325_Plate_1,1224
B8_02_1_4_GFP_001.tif,B8_02_2_4_Propidium Iodide_001.tif,B8,4,220519_094325_Plate_1,1224
B8_02_1_5_GFP_001.tif,B8_02_2_5_Propidium Iodide_001.tif,B8,5,220519_094325_Plate_1,1224
B8_02_1_6_GFP_001.tif,B8_02_2_6_Propidium Iodide_001.tif,B8,6,220519_094325_Plate_1,1224
B8_02_1_7_GFP_001.tif,B8_02_2_7_Propidium Iodide_001.tif,B8,7,220519_094325_Plate_1,1224
B8_02_1_8_GFP_001.tif,B8_02_2_8_Propidium Iodide_001.tif,B8,8,220519_094325_Plate_1,1224
B8_02_1_9_GFP_001.tif,B8_02_2_9_Propidium Iodide_001.tif,B8,9,220519_094325_Plate_1,1224
B9_02_1_10_GFP_001.tif,B9_02_2_10_Propidium Iodide_001.tif,B9,10,220519_094325_Plate_1,1224
B9_02_1_11_GFP_001.tif,B9_02_2_11_Propidium Iodide_001.tif,B9,11,220519_094325_Plate_1,1224
B9_02_1_12_GFP_001.tif,B9_02_2_12_Propidium Iodide_001.tif,B9,12,220519_094325_Plate_1,1224
B9_02_1_13_GFP_001.tif,B9_02_2_13_Propidium Iodide_001.tif,B9,13,220519_094325_Plate_1,1224
B9_02_1_14_GFP_001.tif,B9_02_2_14_Propidium Iodide_001.tif,B9,14,220519_094325_Plate_1,1224
B9_02_1_15_GFP_001.tif,B9_02_2_15_Propidium Iodide_001.tif,B9,15,220519_094325_Plate_1,1224
B9_02_1_16_GFP_001.tif,B9_02_2_16_Propidium Iodide_001.tif,B9,16,220519_094325_Plate_1,1224
B9_02_1_1_GFP_001.tif,B9_02_2_1_Propidium Iodide_001.tif,B9,1,220519_094325_Plate_1,1224
B9_02_1_2_GFP_001.tif,B9_02_2_2_Propidium Iodide_001.tif,B9,2,220519_094325_Plate_1,1224
B9_02_1_3_GFP_001.tif,B9_02_2_3_Propidium Iodide_001.tif,B9,3,220519_094325_Plate_1,1224
B9_02_1_4_GFP_001.tif,B9_02_2_4_Propidium Iodide_001.tif,B9,4,220519_094325_Plate_1,1224
B9_02_1_5_GFP_001.tif,B9_02_2_5_Propidium Iodide_001.tif,B9,5,220519_094325_Plate_1,1224
B9_02_1_6_GFP_001.tif,B9_02_2_6_Propidium Iodide_001.tif,B9,6,220519_094325_Plate_1,1224
B9_02_1_7_GFP_001.tif,B9_02_2_7_Propidium Iodide_001.tif,B9,7,220519_094325_Plate_1,1224
B9_02_1_8_GFP_001.tif,B9_02_2_8_Propidium Iodide_001.tif,B9,8,220519_094325_Plate_1,1224
B9_02_1_9_GFP_001.tif,B9_02_2_9_Propidium Iodide_001.tif,B9,9,220519_094325_Plate_1,1224
C10_02_1_10_GFP_001.tif,C10_02_2_10_Propidium Iodide_001.tif,C10,10,220519_094325_Plate_1,1224
C10_02_1_11_GFP_001.tif,C10_02_2_11_Propidium Iodide_001.tif,C10,11,220519_094325_Plate_1,1224
C10_02_1_12_GFP_001.tif,C10_02_2_12_Propidium Iodide_001.tif,C10,12,220519_094325_Plate_1,1224
C10_02_1_13_GFP_001.tif,C10_02_2_13_Propidium Iodide_001.tif,C10,13,220519_094325_Plate_1,1224
C10_02_1_14_GFP_001.tif,C10_02_2_14_Propidium Iodide_001.tif,C10,14,220519_094325_Plate_1,1224
C10_02_1_15_GFP_001.tif,C10_02_2_15_Propidium Iodide_001.tif,C10,15,220519_094325_Plate_1,1224
C10_02_1_16_GFP_001.tif,C10_02_2_16_Propidium Iodide_001.tif,C10,16,220519_094325_Plate_1,1224
C10_02_1_1_GFP_001.tif,C10_02_2_1_Propidium Iodide_001.tif,C10,1,220519_094325_Plate_1,1224
C10_02_1_2_GFP_001.tif,C10_02_2_2_Propidium Iodide_001.tif,C10,2,220519_094325_Plate_1,1224
C10_02_1_3_GFP_001.tif,C10_02_2_3_Propidium Iodide_001.tif,C10,3,220519_094325_Plate_1,1224
C10_02_1_4_GFP_001.tif,C10_02_2_4_Propidium Iodide_001.tif,C10,4,220519_094325_Plate_1,1224
C10_02_1_5_GFP_001.tif,C10_02_2_5_Propidium Iodide_001.tif,C10,5,220519_094325_Plate_1,1224
C10_02_1_6_GFP_001.tif,C10_02_2_6_Propidium Iodide_001.tif,C10,6,220519_094325_Plate_1,1224
C10_02_1_7_GFP_001.tif,C10_02_2_7_Propidium Iodide_001.tif,C10,7,220519_094325_Plate_1,1224
C10_02_1_8_GFP_001.tif,C10_02_2_8_Propidium Iodide_001.tif,C10,8,220519_094325_Plate_1,1224
C10_02_1_9_GFP_001.tif,C10_02_2_9_Propidium Iodide_001.tif,C10,9,220519_094325_Plate_1,1224
C11_02_1_10_GFP_001.tif,C11_02_2_10_Propidium Iodide_001.tif,C11,10,220519_094325_Plate_1,1224
C11_02_1_11_GFP_001.tif,C11_02_2_11_Propidium Iodide_001.tif,C11,11,220519_094325_Plate_1,1224
C11_02_1_12_GFP_001.tif,C11_02_2_12_Propidium Iodide_001.tif,C11,12,220519_094325_Plate_1,1224
C11_02_1_13_GFP_001.tif,C11_02_2_13_Propidium Iodide_001.tif,C11,13,220519_094325_Plate_1,1224
C11_02_1_14_GFP_001.tif,C11_02_2_14_Propidium Iodide_001.tif,C11,14,220519_094325_Plate_1,1224
C11_02_1_15_GFP_001.tif,C11_02_2_15_Propidium Iodide_001.tif,C11,15,220519_094325_Plate_1,1224
C11_02_1_16_GFP_001.tif,C11_02_2_16_Propidium Iodide_001.tif,C11,16,220519_094325_Plate_1,1224
C11_02_1_1_GFP_001.tif,C11_02_2_1_Propidium Iodide_001.tif,C11,1,220519_094325_Plate_1,1224
C11_02_1_2_GFP_001.tif,C11_02_2_2_Propidium Iodide_001.tif,C11,2,220519_094325_Plate_1,1224
C11_02_1_3_GFP_001.tif,C11_02_2_3_Propidium Iodide_001.tif,C11,3,220519_094325_Plate_1,1224
C11_02_1_4_GFP_001.tif,C11_02_2_4_Propidium Iodide_001.tif,C11,4,220519_094325_Plate_1,1224
C11_02_1_5_GFP_001.tif,C11_02_2_5_Propidium Iodide_001.tif,C11,5,220519_094325_Plate_1,1224
C11_02_1_6_GFP_001.tif,C11_02_2_6_Propidium Iodide_001.tif,C11,6,220519_094325_Plate_1,1224
C11_02_1_7_GFP_001.tif,C11_02_2_7_Propidium Iodide_001.tif,C11,7,220519_094325_Plate_1,1224
C11_02_1_8_GFP_001.tif,C11_02_2_8_Propidium Iodide_001.tif,C11,8,220519_094325_Plate_1,1224
C11_02_1_9_GFP_001.tif,C11_02_2_9_Propidium Iodide_001.tif,C11,9,220519_094325_Plate_1,1224
C4_03_1_10_GFP_001.tif,C4_03_2_10_Propidium Iodide_001.tif,C4,10,220519_094325_Plate_1,1224
C4_03_1_11_GFP_001.tif,C4_03_2_11_Propidium Iodide_001.tif,C4,11,220519_094325_Plate_1,1224
C4_03_1_12_GFP_001.tif,C4_03_2_12_Propidium Iodide_001.tif,C4,12,220519_094325_Plate_1,1224
C4_03_1_13_GFP_001.tif,C4_03_2_13_Propidium Iodide_001.tif,C4,13,220519_094325_Plate_1,1224
C4_03_1_14_GFP_001.tif,C4_03_2_14_Propidium Iodide_001.tif,C4,14,220519_094325_Plate_1,1224
C4_03_1_15_GFP_001.tif,C4_03_2_15_Propidium Iodide_001.tif,C4,15,220519_094325_Plate_1,1224
C4_03_1_16_GFP_001.tif,C4_03_2_16_Propidium Iodide_001.tif,C4,16,220519_094325_Plate_1,1224
C4_03_1_1_GFP_001.tif,C4_03_2_1_Propidium Iodide_001.tif,C4,1,220519_094325_Plate_1,1224
C4_03_1_2_GFP_001.tif,C4_03_2_2_Propidium Iodide_001.tif,C4,2,220519_094325_Plate_1,1224
C4_03_1_3_GFP_001.tif,C4_03_2_3_Propidium Iodide_001.tif,C4,3,220519_094325_Plate_1,1224
C4_03_1_4_GFP_001.tif,C4_03_2_4_Propidium Iodide_001.tif,C4,4,220519_094325_Plate_1,1224
C4_03_1_5_GFP_001.tif,C4_03_2_5_Propidium Iodide_001.tif,C4,5,220519_094325_Plate_1,1224
C4_03_1_6_GFP_001.tif,C4_03_2_6_Propidium Iodide_001.tif,C4,6,220519_094325_Plate_1,1224
C4_03_1_7_GFP_001.tif,C4_03_2_7_Propidium Iodide_001.tif,C4,7,220519_094325_Plate_1,1224
C4_03_1_8_GFP_001.tif,C4_03_2_8_Propidium Iodide_001.tif,C4,8,220519_094325_Plate_1,1224
C4_03_1_9_GFP_001.tif,C4_03_2_9_Propidium Iodide_001.tif,C4,9,220519_094325_Plate_1,1224
C5_03_1_10_GFP_001.tif,C5_03_2_10_Propidium Iodide_001.tif,C5,10,220519_094325_Plate_1,1224
C5_03_1_11_GFP_001.tif,C5_03_2_11_Propidium Iodide_001.tif,C5,11,220519_094325_Plate_1,1224
C5_03_1_12_GFP_001.tif,C5_03_2_12_Propidium Iodide_001.tif,C5,12,220519_094325_Plate_1,1224
C5_03_1_13_GFP_001.tif,C5_03_2_13_Propidium Iodide_001.tif,C5,13,220519_094325_Plate_1,1224
C5_03_1_14_GFP_001.tif,C5_03_2_14_Propidium Iodide_001.tif,C5,14,220519_094325_Plate_1,1224
C5_03_1_15_GFP_001.tif,C5_03_2_15_Propidium Iodide_001.tif,C5,15,220519_094325_Plate_1,1224
C5_03_1_16_GFP_001.tif,C5_03_2_16_Propidium Iodide_001.tif,C5,16,220519_094325_Plate_1,1224
C5_03_1_1_GFP_001.tif,C5_03_2_1_Propidium Iodide_001.tif,C5,1,220519_094325_Plate_1,1224
C5_03_1_2_GFP_001.tif,C5_03_2_2_Propidium Iodide_001.tif,C5,2,220519_094325_Plate_1,1224
C5_03_1_3_GFP_001.tif,C5_03_2_3_Propidium Iodide_001.tif,C5,3,220519_094325_Plate_1,1224
C5_03_1_4_GFP_001.tif,C5_03_2_4_Propidium Iodide_001.tif,C5,4,220519_094325_Plate_1,1224
C5_03_1_5_GFP_001.tif,C5_03_2_5_Propidium Iodide_001.tif,C5,5,220519_094325_Plate_1,1224
C5_03_1_6_GFP_001.tif,C5_03_2_6_Propidium Iodide_001.tif,C5,6,220519_094325_Plate_1,1224
C5_03_1_7_GFP_001.tif,C5_03_2_7_Propidium Iodide_001.tif,C5,7,220519_094325_Plate_1,1224
C5_03_1_8_GFP_001.tif,C5_03_2_8_Propidium Iodide_001.tif,C5,8,220519_094325_Plate_1,1224
C5_03_1_9_GFP_001.tif,C5_03_2_9_Propidium Iodide_001.tif,C5,9,220519_094325_Plate_1,1224
C6_03_1_10_GFP_001.tif,C6_03_2_10_Propidium Iodide_001.tif,C6,10,220519_094325_Plate_1,1224
C6_03_1_11_GFP_001.tif,C6_03_2_11_Propidium Iodide_001.tif,C6,11,220519_094325_Plate_1,1224
C6_03_1_12_GFP_001.tif,C6_03_2_12_Propidium Iodide_001.tif,C6,12,220519_094325_Plate_1,1224
C6_03_1_13_GFP_001.tif,C6_03_2_13_Propidium Iodide_001.tif,C6,13,220519_094325_Plate_1,1224
C6_03_1_14_GFP_001.tif,C6_03_2_14_Propidium Iodide_001.tif,C6,14,220519_094325_Plate_1,1224
C6_03_1_15_GFP_001.tif,C6_03_2_15_Propidium Iodide_001.tif,C6,15,220519_094325_Plate_1,1224
C6_03_1_16_GFP_001.tif,C6_03_2_16_Propidium Iodide_001.tif,C6,16,220519_094325_Plate_1,1224
C6_03_1_1_GFP_001.tif,C6_03_2_1_Propidium Iodide_001.tif,C6,1,220519_094325_Plate_1,1224
C6_03_1_2_GFP_001.tif,C6_03_2_2_Propidium Iodide_001.tif,C6,2,220519_094325_Plate_1,1224
C6_03_1_3_GFP_001.tif,C6_03_2_3_Propidium Iodide_001.tif,C6,3,220519_094325_Plate_1,1224
C6_03_1_4_GFP_001.tif,C6_03_2_4_Propidium Iodide_001.tif,C6,4,220519_094325_Plate_1,1224
C6_03_1_5_GFP_001.tif,C6_03_2_5_Propidium Iodide_001.tif,C6,5,220519_094325_Plate_1,1224
C6_03_1_6_GFP_001.tif,C6_03_2_6_Propidium Iodide_001.tif,C6,6,220519_094325_Plate_1,1224
C6_03_1_7_GFP_001.tif,C6_03_2_7_Propidium Iodide_001.tif,C6,7,220519_094325_Plate_1,1224
C6_03_1_8_GFP_001.tif,C6_03_2_8_Propidium Iodide_001.tif,C6,8,220519_094325_Plate_1,1224
C6_03_1_9_GFP_001.tif,C6_03_2_9_Propidium Iodide_001.tif,C6,9,220519_094325_Plate_1,1224
C7_02_1_10_GFP_001.tif,C7_02_2_10_Propidium Iodide_001.tif,C7,10,220519_094325_Plate_1,1224
C7_02_1_11_GFP_001.tif,C7_02_2_11_Propidium Iodide_001.tif,C7,11,220519_094325_Plate_1,1224
C7_02_1_12_GFP_001.tif,C7_02_2_12_Propidium Iodide_001.tif,C7,12,220519_094325_Plate_1,1224
C7_02_1_13_GFP_001.tif,C7_02_2_13_Propidium Iodide_001.tif,C7,13,220519_094325_Plate_1,1224
C7_02_1_14_GFP_001.tif,C7_02_2_14_Propidium Iodide_001.tif,C7,14,220519_094325_Plate_1,1224
C7_02_1_15_GFP_001.tif,C7_02_2_15_Propidium Iodide_001.tif,C7,15,220519_094325_Plate_1,1224
C7_02_1_16_GFP_001.tif,C7_02_2_16_Propidium Iodide_001.tif,C7,16,220519_094325_Plate_1,1224
C7_02_1_1_GFP_001.tif,C7_02_2_1_Propidium Iodide_001.tif,C7,1,220519_094325_Plate_1,1224
C7_02_1_2_GFP_001.tif,C7_02_2_2_Propidium Iodide_001.tif,C7,2,220519_094325_Plate_1,1224
C7_02_1_3_GFP_001.tif,C7_02_2_3_Propidium Iodide_001.tif,C7,3,220519_094325_Plate_1,1224
C7_02_1_4_GFP_001.tif,C7_02_2_4_Propidium Iodide_001.tif,C7,4,220519_094325_Plate_1,1224
C7_02_1_5_GFP_001.tif,C7_02_2_5_Propidium Iodide_001.tif,C7,5,220519_094325_Plate_1,1224
C7_02_1_6_GFP_001.tif,C7_02_2_6_Propidium Iodide_001.tif,C7,6,220519_094325_Plate_1,1224
C7_02_1_7_GFP_001.tif,C7_02_2_7_Propidium Iodide_001.tif,C7,7,220519_094325_Plate_1,1224
C7_02_1_8_GFP_001.tif,C7_02_2_8_Propidium Iodide_001.tif,C7,8,220519_094325_Plate_1,1224
C7_02_1_9_GFP_001.tif,C7_02_2_9_Propidium Iodide_001.tif,C7,9,220519_094325_Plate_1,1224
C8_02_1_10_GFP_001.tif,C8_02_2_10_Propidium Iodide_001.tif,C8,10,220519_094325_Plate_1,1224
C8_02_1_11_GFP_001.tif,C8_02_2_11_Propidium Iodide_001.tif,C8,11,220519_094325_Plate_1,1224
C8_02_1_12_GFP_001.tif,C8_02_2_12_Propidium Iodide_001.tif,C8,12,220519_094325_Plate_1,1224
C8_02_1_13_GFP_001.tif,C8_02_2_13_Propidium Iodide_001.tif,C8,13,220519_094325_Plate_1,1224
C8_02_1_14_GFP_001.tif,C8_02_2_14_Propidium Iodide_001.tif,C8,14,220519_094325_Plate_1,1224
C8_02_1_15_GFP_001.tif,C8_02_2_15_Propidium Iodide_001.tif,C8,15,220519_094325_Plate_1,1224
C8_02_1_16_GFP_001.tif,C8_02_2_16_Propidium Iodide_001.tif,C8,16,220519_094325_Plate_1,1224
C8_02_1_1_GFP_001.tif,C8_02_2_1_Propidium Iodide_001.tif,C8,1,220519_094325_Plate_1,1224
C8_02_1_2_GFP_001.tif,C8_02_2_2_Propidium Iodide_001.tif,C8,2,220519_094325_Plate_1,1224
C8_02_1_3_GFP_001.tif,C8_02_2_3_Propidium Iodide_001.tif,C8,3,220519_094325_Plate_1,1224
C8_02_1_4_GFP_001.tif,C8_02_2_4_Propidium Iodide_001.tif,C8,4,220519_094325_Plate_1,1224
C8_02_1_5_GFP_001.tif,C8_02_2_5_Propidium Iodide_001.tif,C8,5,220519_094325_Plate_1,1224
C8_02_1_6_GFP_001.tif,C8_02_2_6_Propidium Iodide_001.tif,C8,6,220519_094325_Plate_1,1224
C8_02_1_7_GFP_001.tif,C8_02_2_7_Propidium Iodide_001.tif,C8,7,220519_094325_Plate_1,1224
C8_02_1_8_GFP_001.tif,C8_02_2_8_Propidium Iodide_001.tif,C8,8,220519_094325_Plate_1,1224
C8_02_1_9_GFP_001.tif,C8_02_2_9_Propidium Iodide_001.tif,C8,9,220519_094325_Plate_1,1224
C9_02_1_10_GFP_001.tif,C9_02_2_10_Propidium Iodide_001.tif,C9,10,220519_094325_Plate_1,1224
C9_02_1_11_GFP_001.tif,C9_02_2_11_Propidium Iodide_001.tif,C9,11,220519_094325_Plate_1,1224
C9_02_1_12_GFP_001.tif,C9_02_2_12_Propidium Iodide_001.tif,C9,12,220519_094325_Plate_1,1224
C9_02_1_13_GFP_001.tif,C9_02_2_13_Propidium Iodide_001.tif,C9,13,220519_094325_Plate_1,1224
C9_02_1_14_GFP_001.tif,C9_02_2_14_Propidium Iodide_001.tif,C9,14,220519_094325_Plate_1,1224
C9_02_1_15_GFP_001.tif,C9_02_2_15_Propidium Iodide_001.tif,C9,15,220519_094325_Plate_1,1224
C9_02_1_16_GFP_001.tif,C9_02_2_16_Propidium Iodide_001.tif,C9,16,220519_094325_Plate_1,1224
C9_02_1_1_GFP_001.tif,C9_02_2_1_Propidium Iodide_001.tif,C9,1,220519_094325_Plate_1,1224
C9_02_1_2_GFP_001.tif,C9_02_2_2_Propidium Iodide_001.tif,C9,2,220519_094325_Plate_1,1224
C9_02_1_3_GFP_001.tif,C9_02_2_3_Propidium Iodide_001.tif,C9,3,220519_094325_Plate_1,1224
C9_02_1_4_GFP_001.tif,C9_02_2_4_Propidium Iodide_001.tif,C9,4,220519_094325_Plate_1,1224
C9_02_1_5_GFP_001.tif,C9_02_2_5_Propidium Iodide_001.tif,C9,5,220519_094325_Plate_1,1224
C9_02_1_6_GFP_001.tif,C9_02_2_6_Propidium Iodide_001.tif,C9,6,220519_094325_Plate_1,1224
C9_02_1_7_GFP_001.tif,C9_02_2_7_Propidium Iodide_001.tif,C9,7,220519_094325_Plate_1,1224
C9_02_1_8_GFP_001.tif,C9_02_2_8_Propidium Iodide_001.tif,C9,8,220519_094325_Plate_1,1224
C9_02_1_9_GFP_001.tif,C9_02_2_9_Propidium Iodide_001.tif,C9,9,220519_094325_Plate_1,1224
D10_02_1_10_GFP_001.tif,D10_02_2_10_Propidium Iodide_001.tif,D10,10,220519_094325_Plate_1,1224
D10_02_1_11_GFP_001.tif,D10_02_2_11_Propidium Iodide_001.tif,D10,11,220519_094325_Plate_1,1224
D10_02_1_12_GFP_001.tif,D10_02_2_12_Propidium Iodide_001.tif,D10,12,220519_094325_Plate_1,1224
D10_02_1_13_GFP_001.tif,D10_02_2_13_Propidium Iodide_001.tif,D10,13,220519_094325_Plate_1,1224
D10_02_1_14_GFP_001.tif,D10_02_2_14_Propidium Iodide_001.tif,D10,14,220519_094325_Plate_1,1224
D10_02_1_15_GFP_001.tif,D10_02_2_15_Propidium Iodide_001.tif,D10,15,220519_094325_Plate_1,1224
D10_02_1_16_GFP_001.tif,D10_02_2_16_Propidium Iodide_001.tif,D10,16,220519_094325_Plate_1,1224
D10_02_1_1_GFP_001.tif,D10_02_2_1_Propidium Iodide_001.tif,D10,1,220519_094325_Plate_1,1224
D10_02_1_2_GFP_001.tif,D10_02_2_2_Propidium Iodide_001.tif,D10,2,220519_094325_Plate_1,1224
D10_02_1_3_GFP_001.tif,D10_02_2_3_Propidium Iodide_001.tif,D10,3,220519_094325_Plate_1,1224
D10_02_1_4_GFP_001.tif,D10_02_2_4_Propidium Iodide_001.tif,D10,4,220519_094325_Plate_1,1224
D10_02_1_5_GFP_001.tif,D10_02_2_5_Propidium Iodide_001.tif,D10,5,220519_094325_Plate_1,1224
D10_02_1_6_GFP_001.tif,D10_02_2_6_Propidium Iodide_001.tif,D10,6,220519_094325_Plate_1,1224
D10_02_1_7_GFP_001.tif,D10_02_2_7_Propidium Iodide_001.tif,D10,7,220519_094325_Plate_1,1224
D10_02_1_8_GFP_001.tif,D10_02_2_8_Propidium Iodide_001.tif,D10,8,220519_094325_Plate_1,1224
D10_02_1_9_GFP_001.tif,D10_02_2_9_Propidium Iodide_001.tif,D10,9,220519_094325_Plate_1,1224
D11_02_1_10_GFP_001.tif,D11_02_2_10_Propidium Iodide_001.tif,D11,10,220519_094325_Plate_1,1224
D11_02_1_11_GFP_001.tif,D11_02_2_11_Propidium Iodide_001.tif,D11,11,220519_094325_Plate_1,1224
D11_02_1_12_GFP_001.tif,D11_02_2_12_Propidium Iodide_001.tif,D11,12,220519_094325_Plate_1,1224
D11_02_1_13_GFP_001.tif,D11_02_2_13_Propidium Iodide_001.tif,D11,13,220519_094325_Plate_1,1224
D11_02_1_14_GFP_001.tif,D11_02_2_14_Propidium Iodide_001.tif,D11,14,220519_094325_Plate_1,1224
D11_02_1_15_GFP_001.tif,D11_02_2_15_Propidium Iodide_001.tif,D11,15,220519_094325_Plate_1,1224
D11_02_1_16_GFP_001.tif,D11_02_2_16_Propidium Iodide_001.tif,D11,16,220519_094325_Plate_1,1224
D11_02_1_1_GFP_001.tif,D11_02_2_1_Propidium Iodide_001.tif,D11,1,220519_094325_Plate_1,1224
D11_02_1_2_GFP_001.tif,D11_02_2_2_Propidium Iodide_001.tif,D11,2,220519_094325_Plate_1,1224
D11_02_1_3_GFP_001.tif,D11_02_2_3_Propidium Iodide_001.tif,D11,3,220519_094325_Plate_1,1224
D11_02_1_4_GFP_001.tif,D11_02_2_4_Propidium Iodide_001.tif,D11,4,220519_094325_Plate_1,1224
D11_02_1_5_GFP_001.tif,D11_02_2_5_Propidium Iodide_001.tif,D11,5,220519_094325_Plate_1,1224
D11_02_1_6_GFP_001.tif,D11_02_2_6_Propidium Iodide_001.tif,D11,6,220519_094325_Plate_1,1224
D11_02_1_7_GFP_001.tif,D11_02_2_7_Propidium Iodide_001.tif,D11,7,220519_094325_Plate_1,1224
D11_02_1_8_GFP_001.tif,D11_02_2_8_Propidium Iodide_001.tif,D11,8,220519_094325_Plate_1,1224
D11_02_1_9_GFP_001.tif,D11_02_2_9_Propidium Iodide_001.tif,D11,9,220519_094325_Plate_1,1224
D4_03_1_10_GFP_001.tif,D4_03_2_10_Propidium Iodide_001.tif,D4,10,220519_094325_Plate_1,1224
D4_03_1_11_GFP_001.tif,D4_03_2_11_Propidium Iodide_001.tif,D4,11,220519_094325_Plate_1,1224
D4_03_1_12_GFP_001.tif,D4_03_2_12_Propidium Iodide_001.tif,D4,12,220519_094325_Plate_1,1224
D4_03_1_13_GFP_001.tif,D4_03_2_13_Propidium Iodide_001.tif,D4,13,220519_094325_Plate_1,1224
D4_03_1_14_GFP_001.tif,D4_03_2_14_Propidium Iodide_001.tif,D4,14,220519_094325_Plate_1,1224
D4_03_1_15_GFP_001.tif,D4_03_2_15_Propidium Iodide_001.tif,D4,15,220519_094325_Plate_1,1224
D4_03_1_16_GFP_001.tif,D4_03_2_16_Propidium Iodide_001.tif,D4,16,220519_094325_Plate_1,1224
D4_03_1_1_GFP_001.tif,D4_03_2_1_Propidium Iodide_001.tif,D4,1,220519_094325_Plate_1,1224
D4_03_1_2_GFP_001.tif,D4_03_2_2_Propidium Iodide_001.tif,D4,2,220519_094325_Plate_1,1224
D4_03_1_3_GFP_001.tif,D4_03_2_3_Propidium Iodide_001.tif,D4,3,220519_094325_Plate_1,1224
D4_03_1_4_GFP_001.tif,D4_03_2_4_Propidium Iodide_001.tif,D4,4,220519_094325_Plate_1,1224
D4_03_1_5_GFP_001.tif,D4_03_2_5_Propidium Iodide_001.tif,D4,5,220519_094325_Plate_1,1224
D4_03_1_6_GFP_001.tif,D4_03_2_6_Propidium Iodide_001.tif,D4,6,220519_094325_Plate_1,1224
D4_03_1_7_GFP_001.tif,D4_03_2_7_Propidium Iodide_001.tif,D4,7,220519_094325_Plate_1,1224
D4_03_1_8_GFP_001.tif,D4_03_2_8_Propidium Iodide_001.tif,D4,8,220519_094325_Plate_1,1224
D4_03_1_9_GFP_001.tif,D4_03_2_9_Propidium Iodide_001.tif,D4,9,220519_094325_Plate_1,1224
D5_03_1_10_GFP_001.tif,D5_03_2_10_Propidium Iodide_001.tif,D5,10,220519_094325_Plate_1,1224
D5_03_1_11_GFP_001.tif,D5_03_2_11_Propidium Iodide_001.tif,D5,11,220519_094325_Plate_1,1224
D5_03_1_12_GFP_001.tif,D5_03_2_12_Propidium Iodide_001.tif,D5,12,220519_094325_Plate_1,1224
D5_03_1_13_GFP_001.tif,D5_03_2_13_Propidium Iodide_001.tif,D5,13,220519_094325_Plate_1,1224
D5_03_1_14_GFP_001.tif,D5_03_2_14_Propidium Iodide_001.tif,D5,14,220519_094325_Plate_1,1224
D5_03_1_15_GFP_001.tif,D5_03_2_15_Propidium Iodide_001.tif,D5,15,220519_094325_Plate_1,1224
D5_03_1_16_GFP_001.tif,D5_03_2_16_Propidium Iodide_001.tif,D5,16,220519_094325_Plate_1,1224
D5_03_1_1_GFP_001.tif,D5_03_2_1_Propidium Iodide_001.tif,D5,1,220519_094325_Plate_1,1224
D5_03_1_2_GFP_001.tif,D5_03_2_2_Propidium Iodide_001.tif,D5,2,220519_094325_Plate_1,1224
D5_03_1_3_GFP_001.tif,D5_03_2_3_Propidium Iodide_001.tif,D5,3,220519_094325_Plate_1,1224
D5_03_1_4_GFP_001.tif,D5_03_2_4_Propidium Iodide_001.tif,D5,4,220519_094325_Plate_1,1224
D5_03_1_5_GFP_001.tif,D5_03_2_5_Propidium Iodide_001.tif,D5,5,220519_094325_Plate_1,1224
D5_03_1_6_GFP_001.tif,D5_03_2_6_Propidium Iodide_001.tif,D5,6,220519_094325_Plate_1,1224
D5_03_1_7_GFP_001.tif,D5_03_2_7_Propidium Iodide_001.tif,D5,7,220519_094325_Plate_1,1224
D5_03_1_8_GFP_001.tif,D5_03_2_8_Propidium Iodide_001.tif,D5,8,220519_094325_Plate_1,1224
D5_03_1_9_GFP_001.tif,D5_03_2_9_Propidium Iodide_001.tif,D5,9,220519_094325_Plate_1,1224
D6_03_1_10_GFP_001.tif,D6_03_2_10_Propidium Iodide_001.tif,D6,10,220519_094325_Plate_1,1224
D6_03_1_11_GFP_001.tif,D6_03_2_11_Propidium Iodide_001.tif,D6,11,220519_094325_Plate_1,1224
D6_03_1_12_GFP_001.tif,D6_03_2_12_Propidium Iodide_001.tif,D6,12,220519_094325_Plate_1,1224
D6_03_1_13_GFP_001.tif,D6_03_2_13_Propidium Iodide_001.tif,D6,13,220519_094325_Plate_1,1224
D6_03_1_14_GFP_001.tif,D6_03_2_14_Propidium Iodide_001.tif,D6,14,220519_094325_Plate_1,1224
D6_03_1_15_GFP_001.tif,D6_03_2_15_Propidium Iodide_001.tif,D6,15,220519_094325_Plate_1,1224
D6_03_1_16_GFP_001.tif,D6_03_2_16_Propidium Iodide_001.tif,D6,16,220519_094325_Plate_1,1224
D6_03_1_1_GFP_001.tif,D6_03_2_1_Propidium Iodide_001.tif,D6,1,220519_094325_Plate_1,1224
D6_03_1_2_GFP_001.tif,D6_03_2_2_Propidium Iodide_001.tif,D6,2,220519_094325_Plate_1,1224
D6_03_1_3_GFP_001.tif,D6_03_2_3_Propidium Iodide_001.tif,D6,3,220519_094325_Plate_1,1224
D6_03_1_4_GFP_001.tif,D6_03_2_4_Propidium Iodide_001.tif,D6,4,220519_094325_Plate_1,1224
D6_03_1_5_GFP_001.tif,D6_03_2_5_Propidium Iodide_001.tif,D6,5,220519_094325_Plate_1,1224
D6_03_1_6_GFP_001.tif,D6_03_2_6_Propidium Iodide_001.tif,D6,6,220519_094325_Plate_1,1224
D6_03_1_7_GFP_001.tif,D6_03_2_7_Propidium Iodide_001.tif,D6,7,220519_094325_Plate_1,1224
D6_03_1_8_GFP_001.tif,D6_03_2_8_Propidium Iodide_001.tif,D6,8,220519_094325_Plate_1,1224
D6_03_1_9_GFP_001.tif,D6_03_2_9_Propidium Iodide_001.tif,D6,9,220519_094325_Plate_1,1224
D7_02_1_10_GFP_001.tif,D7_02_2_10_Propidium Iodide_001.tif,D7,10,220519_094325_Plate_1,1224
D7_02_1_11_GFP_001.tif,D7_02_2_11_Propidium Iodide_001.tif,D7,11,220519_094325_Plate_1,1224
D7_02_1_12_GFP_001.tif,D7_02_2_12_Propidium Iodide_001.tif,D7,12,220519_094325_Plate_1,1224
D7_02_1_13_GFP_001.tif,D7_02_2_13_Propidium Iodide_001.tif,D7,13,220519_094325_Plate_1,1224
D7_02_1_14_GFP_001.tif,D7_02_2_14_Propidium Iodide_001.tif,D7,14,220519_094325_Plate_1,1224
D7_02_1_15_GFP_001.tif,D7_02_2_15_Propidium Iodide_001.tif,D7,15,220519_094325_Plate_1,1224
D7_02_1_16_GFP_001.tif,D7_02_2_16_Propidium Iodide_001.tif,D7,16,220519_094325_Plate_1,1224
D7_02_1_1_GFP_001.tif,D7_02_2_1_Propidium Iodide_001.tif,D7,1,220519_094325_Plate_1,1224
D7_02_1_2_GFP_001.tif,D7_02_2_2_Propidium Iodide_001.tif,D7,2,220519_094325_Plate_1,1224
D7_02_1_3_GFP_001.tif,D7_02_2_3_Propidium Iodide_001.tif,D7,3,220519_094325_Plate_1,1224
D7_02_1_4_GFP_001.tif,D7_02_2_4_Propidium Iodide_001.tif,D7,4,220519_094325_Plate_1,1224
D7_02_1_5_GFP_001.tif,D7_02_2_5_Propidium Iodide_001.tif,D7,5,220519_094325_Plate_1,1224
D7_02_1_6_GFP_001.tif,D7_02_2_6_Propidium Iodide_001.tif,D7,6,220519_094325_Plate_1,1224
D7_02_1_7_GFP_001.tif,D7_02_2_7_Propidium Iodide_001.tif,D7,7,220519_094325_Plate_1,1224
D7_02_1_8_GFP_001.tif,D7_02_2_8_Propidium Iodide_001.tif,D7,8,220519_094325_Plate_1,1224
D7_02_1_9_GFP_001.tif,D7_02_2_9_Propidium Iodide_001.tif,D7,9,220519_094325_Plate_1,1224
D8_02_1_10_GFP_001.tif,D8_02_2_10_Propidium Iodide_001.tif,D8,10,220519_094325_Plate_1,1224
D8_02_1_11_GFP_001.tif,D8_02_2_11_Propidium Iodide_001.tif,D8,11,220519_094325_Plate_1,1224
D8_02_1_12_GFP_001.tif,D8_02_2_12_Propidium Iodide_001.tif,D8,12,220519_094325_Plate_1,1224
D8_02_1_13_GFP_001.tif,D8_02_2_13_Propidium Iodide_001.tif,D8,13,220519_094325_Plate_1,1224
D8_02_1_14_GFP_001.tif,D8_02_2_14_Propidium Iodide_001.tif,D8,14,220519_094325_Plate_1,1224
D8_02_1_15_GFP_001.tif,D8_02_2_15_Propidium Iodide_001.tif,D8,15,220519_094325_Plate_1,1224
D8_02_1_16_GFP_001.tif,D8_02_2_16_Propidium Iodide_001.tif,D8,16,220519_094325_Plate_1,1224
D8_02_1_1_GFP_001.tif,D8_02_2_1_Propidium Iodide_001.tif,D8,1,220519_094325_Plate_1,1224
D8_02_1_2_GFP_001.tif,D8_02_2_2_Propidium Iodide_001.tif,D8,2,220519_094325_Plate_1,1224
D8_02_1_3_GFP_001.tif,D8_02_2_3_Propidium Iodide_001.tif,D8,3,220519_094325_Plate_1,1224
D8_02_1_4_GFP_001.tif,D8_02_2_4_Propidium Iodide_001.tif,D8,4,220519_094325_Plate_1,1224
D8_02_1_5_GFP_001.tif,D8_02_2_5_Propidium Iodide_001.tif,D8,5,220519_094325_Plate_1,1224
D8_02_1_6_GFP_001.tif,D8_02_2_6_Propidium Iodide_001.tif,D8,6,220519_094325_Plate_1,1224
D8_02_1_7_GFP_001.tif,D8_02_2_7_Propidium Iodide_001.tif,D8,7,220519_094325_Plate_1,1224
D8_02_1_8_GFP_001.tif,D8_02_2_8_Propidium Iodide_001.tif,D8,8,220519_094325_Plate_1,1224
D8_02_1_9_GFP_001.tif,D8_02_2_9_Propidium Iodide_001.tif,D8,9,220519_094325_Plate_1,1224
D9_02_1_10_GFP_001.tif,D9_02_2_10_Propidium Iodide_001.tif,D9,10,220519_094325_Plate_1,1224
D9_02_1_11_GFP_001.tif,D9_02_2_11_Propidium Iodide_001.tif,D9,11,220519_094325_Plate_1,1224
D9_02_1_12_GFP_001.tif,D9_02_2_12_Propidium Iodide_001.tif,D9,12,220519_094325_Plate_1,1224
D9_02_1_13_GFP_001.tif,D9_02_2_13_Propidium Iodide_001.tif,D9,13,220519_094325_Plate_1,1224
D9_02_1_14_GFP_001.tif,D9_02_2_14_Propidium Iodide_001.tif,D9,14,220519_094325_Plate_1,1224
D9_02_1_15_GFP_001.tif,D9_02_2_15_Propidium Iodide_001.tif,D9,15,220519_094325_Plate_1,1224
D9_02_1_16_GFP_001.tif,D9_02_2_16_Propidium Iodide_001.tif,D9,16,220519_094325_Plate_1,1224
D9_02_1_1_GFP_001.tif,D9_02_2_1_Propidium Iodide_001.tif,D9,1,220519_094325_Plate_1,1224
D9_02_1_2_GFP_001.tif,D9_02_2_2_Propidium Iodide_001.tif,D9,2,220519_094325_Plate_1,1224
D9_02_1_3_GFP_001.tif,D9_02_2_3_Propidium Iodide_001.tif,D9,3,220519_094325_Plate_1,1224
D9_02_1_4_GFP_001.tif,D9_02_2_4_Propidium Iodide_001.tif,D9,4,220519_094325_Plate_1,1224
D9_02_1_5_GFP_001.tif,D9_02_2_5_Propidium Iodide_001.tif,D9,5,220519_094325_Plate_1,1224
D9_02_1_6_GFP_001.tif,D9_02_2_6_Propidium Iodide_001.tif,D9,6,220519_094325_Plate_1,1224
D9_02_1_7_GFP_001.tif,D9_02_2_7_Propidium Iodide_001.tif,D9,7,220519_094325_Plate_1,1224
D9_02_1_8_GFP_001.tif,D9_02_2_8_Propidium Iodide_001.tif,D9,8,220519_094325_Plate_1,1224
D9_02_1_9_GFP_001.tif,D9_02_2_9_Propidium Iodide_001.tif,D9,9,220519_094325_Plate_1,1224
E10_02_1_10_GFP_001.tif,E10_02_2_10_Propidium Iodide_001.tif,E10,10,220519_094325_Plate_1,1224
E10_02_1_11_GFP_001.tif,E10_02_2_11_Propidium Iodide_001.tif,E10,11,220519_094325_Plate_1,1224
E10_02_1_12_GFP_001.tif,E10_02_2_12_Propidium Iodide_001.tif,E10,12,220519_094325_Plate_1,1224
E10_02_1_13_GFP_001.tif,E10_02_2_13_Propidium Iodide_001.tif,E10,13,220519_094325_Plate_1,1224
E10_02_1_14_GFP_001.tif,E10_02_2_14_Propidium Iodide_001.tif,E10,14,220519_094325_Plate_1,1224
E10_02_1_15_GFP_001.tif,E10_02_2_15_Propidium Iodide_001.tif,E10,15,220519_094325_Plate_1,1224
E10_02_1_16_GFP_001.tif,E10_02_2_16_Propidium Iodide_001.tif,E10,16,220519_094325_Plate_1,1224
E10_02_1_1_GFP_001.tif,E10_02_2_1_Propidium Iodide_001.tif,E10,1,220519_094325_Plate_1,1224
E10_02_1_2_GFP_001.tif,E10_02_2_2_Propidium Iodide_001.tif,E10,2,220519_094325_Plate_1,1224
E10_02_1_3_GFP_001.tif,E10_02_2_3_Propidium Iodide_001.tif,E10,3,220519_094325_Plate_1,1224
E10_02_1_4_GFP_001.tif,E10_02_2_4_Propidium Iodide_001.tif,E10,4,220519_094325_Plate_1,1224
E10_02_1_5_GFP_001.tif,E10_02_2_5_Propidium Iodide_001.tif,E10,5,220519_094325_Plate_1,1224
E10_02_1_6_GFP_001.tif,E10_02_2_6_Propidium Iodide_001.tif,E10,6,220519_094325_Plate_1,1224
E10_02_1_7_GFP_001.tif,E10_02_2_7_Propidium Iodide_001.tif,E10,7,220519_094325_Plate_1,1224
E10_02_1_8_GFP_001.tif,E10_02_2_8_Propidium Iodide_001.tif,E10,8,220519_094325_Plate_1,1224
E10_02_1_9_GFP_001.tif,E10_02_2_9_Propidium Iodide_001.tif,E10,9,220519_094325_Plate_1,1224
E11_02_1_10_GFP_001.tif,E11_02_2_10_Propidium Iodide_001.tif,E11,10,220519_094325_Plate_1,1224
E11_02_1_11_GFP_001.tif,E11_02_2_11_Propidium Iodide_001.tif,E11,11,220519_094325_Plate_1,1224
E11_02_1_12_GFP_001.tif,E11_02_2_12_Propidium Iodide_001.tif,E11,12,220519_094325_Plate_1,1224
E11_02_1_13_GFP_001.tif,E11_02_2_13_Propidium Iodide_001.tif,E11,13,220519_094325_Plate_1,1224
E11_02_1_14_GFP_001.tif,E11_02_2_14_Propidium Iodide_001.tif,E11,14,220519_094325_Plate_1,1224
E11_02_1_15_GFP_001.tif,E11_02_2_15_Propidium Iodide_001.tif,E11,15,220519_094325_Plate_1,1224
E11_02_1_16_GFP_001.tif,E11_02_2_16_Propidium Iodide_001.tif,E11,16,220519_094325_Plate_1,1224
E11_02_1_1_GFP_001.tif,E11_02_2_1_Propidium Iodide_001.tif,E11,1,220519_094325_Plate_1,1224
E11_02_1_2_GFP_001.tif,E11_02_2_2_Propidium Iodide_001.tif,E11,2,220519_094325_Plate_1,1224
E11_02_1_3_GFP_001.tif,E11_02_2_3_Propidium Iodide_001.tif,E11,3,220519_094325_Plate_1,1224
E11_02_1_4_GFP_001.tif,E11_02_2_4_Propidium Iodide_001.tif,E11,4,220519_094325_Plate_1,1224
E11_02_1_5_GFP_001.tif,E11_02_2_5_Propidium Iodide_001.tif,E11,5,220519_094325_Plate_1,1224
E11_02_1_6_GFP_001.tif,E11_02_2_6_Propidium Iodide_001.tif,E11,6,220519_094325_Plate_1,1224
E11_02_1_7_GFP_001.tif,E11_02_2_7_Propidium Iodide_001.tif,E11,7,220519_094325_Plate_1,1224
E11_02_1_8_GFP_001.tif,E11_02_2_8_Propidium Iodide_001.tif,E11,8,220519_094325_Plate_1,1224
E11_02_1_9_GFP_001.tif,E11_02_2_9_Propidium Iodide_001.tif,E11,9,220519_094325_Plate_1,1224
E7_02_1_10_GFP_001.tif,E7_02_2_10_Propidium Iodide_001.tif,E7,10,220519_094325_Plate_1,1224
E7_02_1_11_GFP_001.tif,E7_02_2_11_Propidium Iodide_001.tif,E7,11,220519_094325_Plate_1,1224
E7_02_1_12_GFP_001.tif,E7_02_2_12_Propidium Iodide_001.tif,E7,12,220519_094325_Plate_1,1224
E7_02_1_13_GFP_001.tif,E7_02_2_13_Propidium Iodide_001.tif,E7,13,220519_094325_Plate_1,1224
E7_02_1_14_GFP_001.tif,E7_02_2_14_Propidium Iodide_001.tif,E7,14,220519_094325_Plate_1,1224
E7_02_1_15_GFP_001.tif,E7_02_2_15_Propidium Iodide_001.tif,E7,15,220519_094325_Plate_1,1224
E7_02_1_16_GFP_001.tif,E7_02_2_16_Propidium Iodide_001.tif,E7,16,220519_094325_Plate_1,1224
E7_02_1_1_GFP_001.tif,E7_02_2_1_Propidium Iodide_001.tif,E7,1,220519_094325_Plate_1,1224
E7_02_1_2_GFP_001.tif,E7_02_2_2_Propidium Iodide_001.tif,E7,2,220519_094325_Plate_1,1224
E7_02_1_3_GFP_001.tif,E7_02_2_3_Propidium Iodide_001.tif,E7,3,220519_094325_Plate_1,1224
E7_02_1_4_GFP_001.tif,E7_02_2_4_Propidium Iodide_001.tif,E7,4,220519_094325_Plate_1,1224
E7_02_1_5_GFP_001.tif,E7_02_2_5_Propidium Iodide_001.tif,E7,5,220519_094325_Plate_1,1224
E7_02_1_6_GFP_001.tif,E7_02_2_6_Propidium Iodide_001.tif,E7,6,220519_094325_Plate_1,1224
E7_02_1_7_GFP_001.tif,E7_02_2_7_Propidium Iodide_001.tif,E7,7,220519_094325_Plate_1,1224
E7_02_1_8_GFP_001.tif,E7_02_2_8_Propidium Iodide_001.tif,E7,8,220519_094325_Plate_1,1224
E7_02_1_9_GFP_001.tif,E7_02_2_9_Propidium Iodide_001.tif,E7,9,220519_094325_Plate_1,1224
E8_02_1_10_GFP_001.tif,E8_02_2_10_Propidium Iodide_001.tif,E8,10,220519_094325_Plate_1,1224
E8_02_1_11_GFP_001.tif,E8_02_2_11_Propidium Iodide_001.tif,E8,11,220519_094325_Plate_1,1224
E8_02_1_12_GFP_001.tif,E8_02_2_12_Propidium Iodide_001.tif,E8,12,220519_094325_Plate_1,1224
E8_02_1_13_GFP_001.tif,E8_02_2_13_Propidium Iodide_001.tif,E8,13,220519_094325_Plate_1,1224
E8_02_1_14_GFP_001.tif,E8_02_2_14_Propidium Iodide_001.tif,E8,14,220519_094325_Plate_1,1224
E8_02_1_15_GFP_001.tif,E8_02_2_15_Propidium Iodide_001.tif,E8,15,220519_094325_Plate_1,1224
E8_02_1_16_GFP_001.tif,E8_02_2_16_Propidium Iodide_001.tif,E8,16,220519_094325_Plate_1,1224
E8_02_1_1_GFP_001.tif,E8_02_2_1_Propidium Iodide_001.tif,E8,1,220519_094325_Plate_1,1224
E8_02_1_2_GFP_001.tif,E8_02_2_2_Propidium Iodide_001.tif,E8,2,220519_094325_Plate_1,1224
E8_02_1_3_GFP_001.tif,E8_02_2_3_Propidium Iodide_001.tif,E8,3,220519_094325_Plate_1,1224
E8_02_1_4_GFP_001.tif,E8_02_2_4_Propidium Iodide_001.tif,E8,4,220519_094325_Plate_1,1224
E8_02_1_5_GFP_001.tif,E8_02_2_5_Propidium Iodide_001.tif,E8,5,220519_094325_Plate_1,1224
E8_02_1_6_GFP_001.tif,E8_02_2_6_Propidium Iodide_001.tif,E8,6,220519_094325_Plate_1,1224
E8_02_1_7_GFP_001.tif,E8_02_2_7_Propidium Iodide_001.tif,E8,7,220519_094325_Plate_1,1224
E8_02_1_8_GFP_001.tif,E8_02_2_8_Propidium Iodide_001.tif,E8,8,220519_094325_Plate_1,1224
E8_02_1_9_GFP_001.tif,E8_02_2_9_Propidium Iodide_001.tif,E8,9,220519_094325_Plate_1,1224
E9_02_1_10_GFP_001.tif,E9_02_2_10_Propidium Iodide_001.tif,E9,10,220519_094325_Plate_1,1224
E9_02_1_11_GFP_001.tif,E9_02_2_11_Propidium Iodide_001.tif,E9,11,220519_094325_Plate_1,1224
E9_02_1_12_GFP_001.tif,E9_02_2_12_Propidium Iodide_001.tif,E9,12,220519_094325_Plate_1,1224
E9_02_1_13_GFP_001.tif,E9_02_2_13_Propidium Iodide_001.tif,E9,13,220519_094325_Plate_1,1224
E9_02_1_14_GFP_001.tif,E9_02_2_14_Propidium Iodide_001.tif,E9,14,220519_094325_Plate_1,1224
E9_02_1_15_GFP_001.tif,E9_02_2_15_Propidium Iodide_001.tif,E9,15,220519_094325_Plate_1,1224
E9_02_1_16_GFP_001.tif,E9_02_2_16_Propidium Iodide_001.tif,E9,16,220519_094325_Plate_1,1224
E9_02_1_1_GFP_001.tif,E9_02_2_1_Propidium Iodide_001.tif,E9,1,220519_094325_Plate_1,1224
E9_02_1_2_GFP_001.tif,E9_02_2_2_Propidium Iodide_001.tif,E9,2,220519_094325_Plate_1,1224
E9_02_1_3_GFP_001.tif,E9_02_2_3_Propidium Iodide_001.tif,E9,3,220519_094325_Plate_1,1224
E9_02_1_4_GFP_001.tif,E9_02_2_4_Propidium Iodide_001.tif,E9,4,220519_094325_Plate_1,1224
E9_02_1_5_GFP_001.tif,E9_02_2_5_Propidium Iodide_001.tif,E9,5,220519_094325_Plate_1,1224
E9_02_1_6_GFP_001.tif,E9_02_2_6_Propidium Iodide_001.tif,E9,6,220519_094325_Plate_1,1224
E9_02_1_7_GFP_001.tif,E9_02_2_7_Propidium Iodide_001.tif,E9,7,220519_094325_Plate_1,1224
E9_02_1_8_GFP_001.tif,E9_02_2_8_Propidium Iodide_001.tif,E9,8,220519_094325_Plate_1,1224
E9_02_1_9_GFP_001.tif,E9_02_2_9_Propidium Iodide_001.tif,E9,9,220519_094325_Plate_1,1224
F10_02_1_10_GFP_001.tif,F10_02_2_10_Propidium Iodide_001.tif,F10,10,220519_094325_Plate_1,1224
F10_02_1_11_GFP_001.tif,F10_02_2_11_Propidium Iodide_001.tif,F10,11,220519_094325_Plate_1,1224
F10_02_1_12_GFP_001.tif,F10_02_2_12_Propidium Iodide_001.tif,F10,12,220519_094325_Plate_1,1224
F10_02_1_13_GFP_001.tif,F10_02_2_13_Propidium Iodide_001.tif,F10,13,220519_094325_Plate_1,1224
F10_02_1_14_GFP_001.tif,F10_02_2_14_Propidium Iodide_001.tif,F10,14,220519_094325_Plate_1,1224
F10_02_1_15_GFP_001.tif,F10_02_2_15_Propidium Iodide_001.tif,F10,15,220519_094325_Plate_1,1224
F10_02_1_16_GFP_001.tif,F10_02_2_16_Propidium Iodide_001.tif,F10,16,220519_094325_Plate_1,1224
F10_02_1_1_GFP_001.tif,F10_02_2_1_Propidium Iodide_001.tif,F10,1,220519_094325_Plate_1,1224
F10_02_1_2_GFP_001.tif,F10_02_2_2_Propidium Iodide_001.tif,F10,2,220519_094325_Plate_1,1224
F10_02_1_3_GFP_001.tif,F10_02_2_3_Propidium Iodide_001.tif,F10,3,220519_094325_Plate_1,1224
F10_02_1_4_GFP_001.tif,F10_02_2_4_Propidium Iodide_001.tif,F10,4,220519_094325_Plate_1,1224
F10_02_1_5_GFP_001.tif,F10_02_2_5_Propidium Iodide_001.tif,F10,5,220519_094325_Plate_1,1224
F10_02_1_6_GFP_001.tif,F10_02_2_6_Propidium Iodide_001.tif,F10,6,220519_094325_Plate_1,1224
F10_02_1_7_GFP_001.tif,F10_02_2_7_Propidium Iodide_001.tif,F10,7,220519_094325_Plate_1,1224
F10_02_1_8_GFP_001.tif,F10_02_2_8_Propidium Iodide_001.tif,F10,8,220519_094325_Plate_1,1224
F10_02_1_9_GFP_001.tif,F10_02_2_9_Propidium Iodide_001.tif,F10,9,220519_094325_Plate_1,1224
F11_02_1_10_GFP_001.tif,F11_02_2_10_Propidium Iodide_001.tif,F11,10,220519_094325_Plate_1,1224
F11_02_1_11_GFP_001.tif,F11_02_2_11_Propidium Iodide_001.tif,F11,11,220519_094325_Plate_1,1224
F11_02_1_12_GFP_001.tif,F11_02_2_12_Propidium Iodide_001.tif,F11,12,220519_094325_Plate_1,1224
F11_02_1_13_GFP_001.tif,F11_02_2_13_Propidium Iodide_001.tif,F11,13,220519_094325_Plate_1,1224
F11_02_1_14_GFP_001.tif,F11_02_2_14_Propidium Iodide_001.tif,F11,14,220519_094325_Plate_1,1224
F11_02_1_15_GFP_001.tif,F11_02_2_15_Propidium Iodide_001.tif,F11,15,220519_094325_Plate_1,1224
F11_02_1_16_GFP_001.tif,F11_02_2_16_Propidium Iodide_001.tif,F11,16,220519_094325_Plate_1,1224
F11_02_1_1_GFP_001.tif,F11_02_2_1_Propidium Iodide_001.tif,F11,1,220519_094325_Plate_1,1224
F11_02_1_2_GFP_001.tif,F11_02_2_2_Propidium Iodide_001.tif,F11,2,220519_094325_Plate_1,1224
F11_02_1_3_GFP_001.tif,F11_02_2_3_Propidium Iodide_001.tif,F11,3,220519_094325_Plate_1,1224
F11_02_1_4_GFP_001.tif,F11_02_2_4_Propidium Iodide_001.tif,F11,4,220519_094325_Plate_1,1224
F11_02_1_5_GFP_001.tif,F11_02_2_5_Propidium Iodide_001.tif,F11,5,220519_094325_Plate_1,1224
F11_02_1_6_GFP_001.tif,F11_02_2_6_Propidium Iodide_001.tif,F11,6,220519_094325_Plate_1,1224
F11_02_1_7_GFP_001.tif,F11_02_2_7_Propidium Iodide_001.tif,F11,7,220519_094325_Plate_1,1224
F11_02_1_8_GFP_001.tif,F11_02_2_8_Propidium Iodide_001.tif,F11,8,220519_094325_Plate_1,1224
F11_02_1_9_GFP_001.tif,F11_02_2_9_Propidium Iodide_001.tif,F11,9,220519_094325_Plate_1,1224
F3_02_1_10_GFP_001.tif,F3_02_2_10_Propidium Iodide_001.tif,F3,10,220519_094325_Plate_1,1224
F3_02_1_11_GFP_001.tif,F3_02_2_11_Propidium Iodide_001.tif,F3,11,220519_094325_Plate_1,1224
F3_02_1_12_GFP_001.tif,F3_02_2_12_Propidium Iodide_001.tif,F3,12,220519_094325_Plate_1,1224
F3_02_1_13_GFP_001.tif,F3_02_2_13_Propidium Iodide_001.tif,F3,13,220519_094325_Plate_1,1224
F3_02_1_14_GFP_001.tif,F3_02_2_14_Propidium Iodide_001.tif,F3,14,220519_094325_Plate_1,1224
F3_02_1_15_GFP_001.tif,F3_02_2_15_Propidium Iodide_001.tif,F3,15,220519_094325_Plate_1,1224
F3_02_1_16_GFP_001.tif,F3_02_2_16_Propidium Iodide_001.tif,F3,16,220519_094325_Plate_1,1224
F3_02_1_1_GFP_001.tif,F3_02_2_1_Propidium Iodide_001.tif,F3,1,220519_094325_Plate_1,1224
F3_02_1_2_GFP_001.tif,F3_02_2_2_Propidium Iodide_001.tif,F3,2,220519_094325_Plate_1,1224
F3_02_1_3_GFP_001.tif,F3_02_2_3_Propidium Iodide_001.tif,F3,3,220519_094325_Plate_1,1224
F3_02_1_4_GFP_001.tif,F3_02_2_4_Propidium Iodide_001.tif,F3,4,220519_094325_Plate_1,1224
F3_02_1_5_GFP_001.tif,F3_02_2_5_Propidium Iodide_001.tif,F3,5,220519_094325_Plate_1,1224
F3_02_1_6_GFP_001.tif,F3_02_2_6_Propidium Iodide_001.tif,F3,6,220519_094325_Plate_1,1224
F3_02_1_7_GFP_001.tif,F3_02_2_7_Propidium Iodide_001.tif,F3,7,220519_094325_Plate_1,1224
F3_02_1_8_GFP_001.tif,F3_02_2_8_Propidium Iodide_001.tif,F3,8,220519_094325_Plate_1,1224
F3_02_1_9_GFP_001.tif,F3_02_2_9_Propidium Iodide_001.tif,F3,9,220519_094325_Plate_1,1224
F4_02_1_10_GFP_001.tif,F4_02_2_10_Propidium Iodide_001.tif,F4,10,220519_094325_Plate_1,1224
F4_02_1_11_GFP_001.tif,F4_02_2_11_Propidium Iodide_001.tif,F4,11,220519_094325_Plate_1,1224
F4_02_1_12_GFP_001.tif,F4_02_2_12_Propidium Iodide_001.tif,F4,12,220519_094325_Plate_1,1224
F4_02_1_13_GFP_001.tif,F4_02_2_13_Propidium Iodide_001.tif,F4,13,220519_094325_Plate_1,1224
F4_02_1_14_GFP_001.tif,F4_02_2_14_Propidium Iodide_001.tif,F4,14,220519_094325_Plate_1,1224
F4_02_1_15_GFP_001.tif,F4_02_2_15_Propidium Iodide_001.tif,F4,15,220519_094325_Plate_1,1224
F4_02_1_16_GFP_001.tif,F4_02_2_16_Propidium Iodide_001.tif,F4,16,220519_094325_Plate_1,1224
F4_02_1_1_GFP_001.tif,F4_02_2_1_Propidium Iodide_001.tif,F4,1,220519_094325_Plate_1,1224
F4_02_1_2_GFP_001.tif,F4_02_2_2_Propidium Iodide_001.tif,F4,2,220519_094325_Plate_1,1224
F4_02_1_3_GFP_001.tif,F4_02_2_3_Propidium Iodide_001.tif,F4,3,220519_094325_Plate_1,1224
F4_02_1_4_GFP_001.tif,F4_02_2_4_Propidium Iodide_001.tif,F4,4,220519_094325_Plate_1,1224
F4_02_1_5_GFP_001.tif,F4_02_2_5_Propidium Iodide_001.tif,F4,5,220519_094325_Plate_1,1224
F4_02_1_6_GFP_001.tif,F4_02_2_6_Propidium Iodide_001.tif,F4,6,220519_094325_Plate_1,1224
F4_02_1_7_GFP_001.tif,F4_02_2_7_Propidium Iodide_001.tif,F4,7,220519_094325_Plate_1,1224
F4_02_1_8_GFP_001.tif,F4_02_2_8_Propidium Iodide_001.tif,F4,8,220519_094325_Plate_1,1224
F4_02_1_9_GFP_001.tif,F4_02_2_9_Propidium Iodide_001.tif,F4,9,220519_094325_Plate_1,1224
F5_02_1_10_GFP_001.tif,F5_02_2_10_Propidium Iodide_001.tif,F5,10,220519_094325_Plate_1,1224
F5_02_1_11_GFP_001.tif,F5_02_2_11_Propidium Iodide_001.tif,F5,11,220519_094325_Plate_1,1224
F5_02_1_12_GFP_001.tif,F5_02_2_12_Propidium Iodide_001.tif,F5,12,220519_094325_Plate_1,1224
F5_02_1_13_GFP_001.tif,F5_02_2_13_Propidium Iodide_001.tif,F5,13,220519_094325_Plate_1,1224
F5_02_1_14_GFP_001.tif,F5_02_2_14_Propidium Iodide_001.tif,F5,14,220519_094325_Plate_1,1224
F5_02_1_15_GFP_001.tif,F5_02_2_15_Propidium Iodide_001.tif,F5,15,220519_094325_Plate_1,1224
F5_02_1_16_GFP_001.tif,F5_02_2_16_Propidium Iodide_001.tif,F5,16,220519_094325_Plate_1,1224
F5_02_1_1_GFP_001.tif,F5_02_2_1_Propidium Iodide_001.tif,F5,1,220519_094325_Plate_1,1224
F5_02_1_2_GFP_001.tif,F5_02_2_2_Propidium Iodide_001.tif,F5,2,220519_094325_Plate_1,1224
F5_02_1_3_GFP_001.tif,F5_02_2_3_Propidium Iodide_001.tif,F5,3,220519_094325_Plate_1,1224
F5_02_1_4_GFP_001.tif,F5_02_2_4_Propidium Iodide_001.tif,F5,4,220519_094325_Plate_1,1224
F5_02_1_5_GFP_001.tif,F5_02_2_5_Propidium Iodide_001.tif,F5,5,220519_094325_Plate_1,1224
F5_02_1_6_GFP_001.tif,F5_02_2_6_Propidium Iodide_001.tif,F5,6,220519_094325_Plate_1,1224
F5_02_1_7_GFP_001.tif,F5_02_2_7_Propidium Iodide_001.tif,F5,7,220519_094325_Plate_1,1224
F5_02_1_8_GFP_001.tif,F5_02_2_8_Propidium Iodide_001.tif,F5,8,220519_094325_Plate_1,1224
F5_02_1_9_GFP_001.tif,F5_02_2_9_Propidium Iodide_001.tif,F5,9,220519_094325_Plate_1,1224
F6_02_1_10_GFP_001.tif,F6_02_2_10_Propidium Iodide_001.tif,F6,10,220519_094325_Plate_1,1224
F6_02_1_11_GFP_001.tif,F6_02_2_11_Propidium Iodide_001.tif,F6,11,220519_094325_Plate_1,1224
F6_02_1_12_GFP_001.tif,F6_02_2_12_Propidium Iodide_001.tif,F6,12,220519_094325_Plate_1,1224
F6_02_1_13_GFP_001.tif,F6_02_2_13_Propidium Iodide_001.tif,F6,13,220519_094325_Plate_1,1224
F6_02_1_14_GFP_001.tif,F6_02_2_14_Propidium Iodide_001.tif,F6,14,220519_094325_Plate_1,1224
F6_02_1_15_GFP_001.tif,F6_02_2_15_Propidium Iodide_001.tif,F6,15,220519_094325_Plate_1,1224
F6_02_1_16_GFP_001.tif,F6_02_2_16_Propidium Iodide_001.tif,F6,16,220519_094325_Plate_1,1224
F6_02_1_1_GFP_001.tif,F6_02_2_1_Propidium Iodide_001.tif,F6,1,220519_094325_Plate_1,1224
F6_02_1_2_GFP_001.tif,F6_02_2_2_Propidium Iodide_001.tif,F6,2,220519_094325_Plate_1,1224
F6_02_1_3_GFP_001.tif,F6_02_2_3_Propidium Iodide_001.tif,F6,3,220519_094325_Plate_1,1224
F6_02_1_4_GFP_001.tif,F6_02_2_4_Propidium Iodide_001.tif,F6,4,220519_094325_Plate_1,1224
F6_02_1_5_GFP_001.tif,F6_02_2_5_Propidium Iodide_001.tif,F6,5,220519_094325_Plate_1,1224
F6_02_1_6_GFP_001.tif,F6_02_2_6_Propidium Iodide_001.tif,F6,6,220519_094325_Plate_1,1224
F6_02_1_7_GFP_001.tif,F6_02_2_7_Propidium Iodide_001.tif,F6,7,220519_094325_Plate_1,1224
F6_02_1_8_GFP_001.tif,F6_02_2_8_Propidium Iodide_001.tif,F6,8,220519_094325_Plate_1,1224
F6_02_1_9_GFP_001.tif,F6_02_2_9_Propidium Iodide_001.tif,F6,9,220519_094325_Plate_1,1224
F7_02_1_10_GFP_001.tif,F7_02_2_10_Propidium Iodide_001.tif,F7,10,220519_094325_Plate_1,1224
F7_02_1_11_GFP_001.tif,F7_02_2_11_Propidium Iodide_001.tif,F7,11,220519_094325_Plate_1,1224
F7_02_1_12_GFP_001.tif,F7_02_2_12_Propidium Iodide_001.tif,F7,12,220519_094325_Plate_1,1224
F7_02_1_13_GFP_001.tif,F7_02_2_13_Propidium Iodide_001.tif,F7,13,220519_094325_Plate_1,1224
F7_02_1_14_GFP_001.tif,F7_02_2_14_Propidium Iodide_001.tif,F7,14,220519_094325_Plate_1,1224
F7_02_1_15_GFP_001.tif,F7_02_2_15_Propidium Iodide_001.tif,F7,15,220519_094325_Plate_1,1224
F7_02_1_16_GFP_001.tif,F7_02_2_16_Propidium Iodide_001.tif,F7,16,220519_094325_Plate_1,1224
F7_02_1_1_GFP_001.tif,F7_02_2_1_Propidium Iodide_001.tif,F7,1,220519_094325_Plate_1,1224
F7_02_1_2_GFP_001.tif,F7_02_2_2_Propidium Iodide_001.tif,F7,2,220519_094325_Plate_1,1224
F7_02_1_3_GFP_001.tif,F7_02_2_3_Propidium Iodide_001.tif,F7,3,220519_094325_Plate_1,1224
F7_02_1_4_GFP_001.tif,F7_02_2_4_Propidium Iodide_001.tif,F7,4,220519_094325_Plate_1,1224
F7_02_1_5_GFP_001.tif,F7_02_2_5_Propidium Iodide_001.tif,F7,5,220519_094325_Plate_1,1224
F7_02_1_6_GFP_001.tif,F7_02_2_6_Propidium Iodide_001.tif,F7,6,220519_094325_Plate_1,1224
F7_02_1_7_GFP_001.tif,F7_02_2_7_Propidium Iodide_001.tif,F7,7,220519_094325_Plate_1,1224
F7_02_1_8_GFP_001.tif,F7_02_2_8_Propidium Iodide_001.tif,F7,8,220519_094325_Plate_1,1224
F7_02_1_9_GFP_001.tif,F7_02_2_9_Propidium Iodide_001.tif,F7,9,220519_094325_Plate_1,1224
F8_02_1_10_GFP_001.tif,F8_02_2_10_Propidium Iodide_001.tif,F8,10,220519_094325_Plate_1,1224
F8_02_1_11_GFP_001.tif,F8_02_2_11_Propidium Iodide_001.tif,F8,11,220519_094325_Plate_1,1224
F8_02_1_12_GFP_001.tif,F8_02_2_12_Propidium Iodide_001.tif,F8,12,220519_094325_Plate_1,1224
F8_02_1_13_GFP_001.tif,F8_02_2_13_Propidium Iodide_001.tif,F8,13,220519_094325_Plate_1,1224
F8_02_1_14_GFP_001.tif,F8_02_2_14_Propidium Iodide_001.tif,F8,14,220519_094325_Plate_1,1224
F8_02_1_15_GFP_001.tif,F8_02_2_15_Propidium Iodide_001.tif,F8,15,220519_094325_Plate_1,1224
F8_02_1_16_GFP_001.tif,F8_02_2_16_Propidium Iodide_001.tif,F8,16,220519_094325_Plate_1,1224
F8_02_1_1_GFP_001.tif,F8_02_2_1_Propidium Iodide_001.tif,F8,1,220519_094325_Plate_1,1224
F8_02_1_2_GFP_001.tif,F8_02_2_2_Propidium Iodide_001.tif,F8,2,220519_094325_Plate_1,1224
F8_02_1_3_GFP_001.tif,F8_02_2_3_Propidium Iodide_001.tif,F8,3,220519_094325_Plate_1,1224
F8_02_1_4_GFP_001.tif,F8_02_2_4_Propidium Iodide_001.tif,F8,4,220519_094325_Plate_1,1224
F8_02_1_5_GFP_001.tif,F8_02_2_5_Propidium Iodide_001.tif,F8,5,220519_094325_Plate_1,1224
F8_02_1_6_GFP_001.tif,F8_02_2_6_Propidium Iodide_001.tif,F8,6,220519_094325_Plate_1,1224
F8_02_1_7_GFP_001.tif,F8_02_2_7_Propidium Iodide_001.tif,F8,7,220519_094325_Plate_1,1224
F8_02_1_8_GFP_001.tif,F8_02_2_8_Propidium Iodide_001.tif,F8,8,220519_094325_Plate_1,1224
F8_02_1_9_GFP_001.tif,F8_02_2_9_Propidium Iodide_001.tif,F8,9,220519_094325_Plate_1,1224
F9_02_1_10_GFP_001.tif,F9_02_2_10_Propidium Iodide_001.tif,F9,10,220519_094325_Plate_1,1224
F9_02_1_11_GFP_001.tif,F9_02_2_11_Propidium Iodide_001.tif,F9,11,220519_094325_Plate_1,1224
F9_02_1_12_GFP_001.tif,F9_02_2_12_Propidium Iodide_001.tif,F9,12,220519_094325_Plate_1,1224
F9_02_1_13_GFP_001.tif,F9_02_2_13_Propidium Iodide_001.tif,F9,13,220519_094325_Plate_1,1224
F9_02_1_14_GFP_001.tif,F9_02_2_14_Propidium Iodide_001.tif,F9,14,220519_094325_Plate_1,1224
F9_02_1_15_GFP_001.tif,F9_02_2_15_Propidium Iodide_001.tif,F9,15,220519_094325_Plate_1,1224
F9_02_1_16_GFP_001.tif,F9_02_2_16_Propidium Iodide_001.tif,F9,16,220519_094325_Plate_1,1224
F9_02_1_1_GFP_001.tif,F9_02_2_1_Propidium Iodide_001.tif,F9,1,220519_094325_Plate_1,1224
F9_02_1_2_GFP_001.tif,F9_02_2_2_Propidium Iodide_001.tif,F9,2,220519_094325_Plate_1,1224
F9_02_1_3_GFP_001.tif,F9_02_2_3_Propidium Iodide_001.tif,F9,3,220519_094325_Plate_1,1224
F9_02_1_4_GFP_001.tif,F9_02_2_4_Propidium Iodide_001.tif,F9,4,220519_094325_Plate_1,1224
F9_02_1_5_GFP_001.tif,F9_02_2_5_Propidium Iodide_001.tif,F9,5,220519_094325_Plate_1,1224
F9_02_1_6_GFP_001.tif,F9_02_2_6_Propidium Iodide_001.tif,F9,6,220519_094325_Plate_1,1224
F9_02_1_7_GFP_001.tif,F9_02_2_7_Propidium Iodide_001.tif,F9,7,220519_094325_Plate_1,1224
F9_02_1_8_GFP_001.tif,F9_02_2_8_Propidium Iodide_001.tif,F9,8,220519_094325_Plate_1,1224
F9_02_1_9_GFP_001.tif,F9_02_2_9_Propidium Iodide_001.tif,F9,9,220519_094325_Plate_1,1224
G10_02_1_10_GFP_001.tif,G10_02_2_10_Propidium Iodide_001.tif,G10,10,220519_094325_Plate_1,1224
G10_02_1_11_GFP_001.tif,G10_02_2_11_Propidium Iodide_001.tif,G10,11,220519_094325_Plate_1,1224
G10_02_1_12_GFP_001.tif,G10_02_2_12_Propidium Iodide_001.tif,G10,12,220519_094325_Plate_1,1224
G10_02_1_13_GFP_001.tif,G10_02_2_13_Propidium Iodide_001.tif,G10,13,220519_094325_Plate_1,1224
G10_02_1_14_GFP_001.tif,G10_02_2_14_Propidium Iodide_001.tif,G10,14,220519_094325_Plate_1,1224
G10_02_1_15_GFP_001.tif,G10_02_2_15_Propidium Iodide_001.tif,G10,15,220519_094325_Plate_1,1224
G10_02_1_16_GFP_001.tif,G10_02_2_16_Propidium Iodide_001.tif,G10,16,220519_094325_Plate_1,1224
G10_02_1_1_GFP_001.tif,G10_02_2_1_Propidium Iodide_001.tif,G10,1,220519_094325_Plate_1,1224
G10_02_1_2_GFP_001.tif,G10_02_2_2_Propidium Iodide_001.tif,G10,2,220519_094325_Plate_1,1224
G10_02_1_3_GFP_001.tif,G10_02_2_3_Propidium Iodide_001.tif,G10,3,220519_094325_Plate_1,1224
G10_02_1_4_GFP_001.tif,G10_02_2_4_Propidium Iodide_001.tif,G10,4,220519_094325_Plate_1,1224
G10_02_1_5_GFP_001.tif,G10_02_2_5_Propidium Iodide_001.tif,G10,5,220519_094325_Plate_1,1224
G10_02_1_6_GFP_001.tif,G10_02_2_6_Propidium Iodide_001.tif,G10,6,220519_094325_Plate_1,1224
G10_02_1_7_GFP_001.tif,G10_02_2_7_Propidium Iodide_001.tif,G10,7,220519_094325_Plate_1,1224
G10_02_1_8_GFP_001.tif,G10_02_2_8_Propidium Iodide_001.tif,G10,8,220519_094325_Plate_1,1224
G10_02_1_9_GFP_001.tif,G10_02_2_9_Propidium Iodide_001.tif,G10,9,220519_094325_Plate_1,1224
G11_02_1_10_GFP_001.tif,G11_02_2_10_Propidium Iodide_001.tif,G11,10,220519_094325_Plate_1,1224
G11_02_1_11_GFP_001.tif,G11_02_2_11_Propidium Iodide_001.tif,G11,11,220519_094325_Plate_1,1224
G11_02_1_12_GFP_001.tif,G11_02_2_12_Propidium Iodide_001.tif,G11,12,220519_094325_Plate_1,1224
G11_02_1_13_GFP_001.tif,G11_02_2_13_Propidium Iodide_001.tif,G11,13,220519_094325_Plate_1,1224
G11_02_1_14_GFP_001.tif,G11_02_2_14_Propidium Iodide_001.tif,G11,14,220519_094325_Plate_1,1224
G11_02_1_15_GFP_001.tif,G11_02_2_15_Propidium Iodide_001.tif,G11,15,220519_094325_Plate_1,1224
G11_02_1_16_GFP_001.tif,G11_02_2_16_Propidium Iodide_001.tif,G11,16,220519_094325_Plate_1,1224
G11_02_1_1_GFP_001.tif,G11_02_2_1_Propidium Iodide_001.tif,G11,1,220519_094325_Plate_1,1224
G11_02_1_2_GFP_001.tif,G11_02_2_2_Propidium Iodide_001.tif,G11,2,220519_094325_Plate_1,1224
G11_02_1_3_GFP_001.tif,G11_02_2_3_Propidium Iodide_001.tif,G11,3,220519_094325_Plate_1,1224
G11_02_1_4_GFP_001.tif,G11_02_2_4_Propidium Iodide_001.tif,G11,4,220519_094325_Plate_1,1224
G11_02_1_5_GFP_001.tif,G11_02_2_5_Propidium Iodide_001.tif,G11,5,220519_094325_Plate_1,1224
G11_02_1_6_GFP_001.tif,G11_02_2_6_Propidium Iodide_001.tif,G11,6,220519_094325_Plate_1,1224
G11_02_1_7_GFP_001.tif,G11_02_2_7_Propidium Iodide_001.tif,G11,7,220519_094325_Plate_1,1224
G11_02_1_8_GFP_001.tif,G11_02_2_8_Propidium Iodide_001.tif,G11,8,220519_094325_Plate_1,1224
G11_02_1_9_GFP_001.tif,G11_02_2_9_Propidium Iodide_001.tif,G11,9,220519_094325_Plate_1,1224
G2_02_1_10_GFP_001.tif,G2_02_2_10_Propidium Iodide_001.tif,G2,10,220519_094325_Plate_1,1224
G2_02_1_11_GFP_001.tif,G2_02_2_11_Propidium Iodide_001.tif,G2,11,220519_094325_Plate_1,1224
G2_02_1_12_GFP_001.tif,G2_02_2_12_Propidium Iodide_001.tif,G2,12,220519_094325_Plate_1,1224
G2_02_1_13_GFP_001.tif,G2_02_2_13_Propidium Iodide_001.tif,G2,13,220519_094325_Plate_1,1224
G2_02_1_14_GFP_001.tif,G2_02_2_14_Propidium Iodide_001.tif,G2,14,220519_094325_Plate_1,1224
G2_02_1_15_GFP_001.tif,G2_02_2_15_Propidium Iodide_001.tif,G2,15,220519_094325_Plate_1,1224
G2_02_1_16_GFP_001.tif,G2_02_2_16_Propidium Iodide_001.tif,G2,16,220519_094325_Plate_1,1224
G2_02_1_1_GFP_001.tif,G2_02_2_1_Propidium Iodide_001.tif,G2,1,220519_094325_Plate_1,1224
G2_02_1_2_GFP_001.tif,G2_02_2_2_Propidium Iodide_001.tif,G2,2,220519_094325_Plate_1,1224
G2_02_1_3_GFP_001.tif,G2_02_2_3_Propidium Iodide_001.tif,G2,3,220519_094325_Plate_1,1224
G2_02_1_4_GFP_001.tif,G2_02_2_4_Propidium Iodide_001.tif,G2,4,220519_094325_Plate_1,1224
G2_02_1_5_GFP_001.tif,G2_02_2_5_Propidium Iodide_001.tif,G2,5,220519_094325_Plate_1,1224
G2_02_1_6_GFP_001.tif,G2_02_2_6_Propidium Iodide_001.tif,G2,6,220519_094325_Plate_1,1224
G2_02_1_7_GFP_001.tif,G2_02_2_7_Propidium Iodide_001.tif,G2,7,220519_094325_Plate_1,1224
G2_02_1_8_GFP_001.tif,G2_02_2_8_Propidium Iodide_001.tif,G2,8,220519_094325_Plate_1,1224
G2_02_1_9_GFP_001.tif,G2_02_2_9_Propidium Iodide_001.tif,G2,9,220519_094325_Plate_1,1224
G3_02_1_10_GFP_001.tif,G3_02_2_10_Propidium Iodide_001.tif,G3,10,220519_094325_Plate_1,1224
G3_02_1_11_GFP_001.tif,G3_02_2_11_Propidium Iodide_001.tif,G3,11,220519_094325_Plate_1,1224
G3_02_1_12_GFP_001.tif,G3_02_2_12_Propidium Iodide_001.tif,G3,12,220519_094325_Plate_1,1224
G3_02_1_13_GFP_001.tif,G3_02_2_13_Propidium Iodide_001.tif,G3,13,220519_094325_Plate_1,1224
G3_02_1_14_GFP_001.tif,G3_02_2_14_Propidium Iodide_001.tif,G3,14,220519_094325_Plate_1,1224
G3_02_1_15_GFP_001.tif,G3_02_2_15_Propidium Iodide_001.tif,G3,15,220519_094325_Plate_1,1224
G3_02_1_16_GFP_001.tif,G3_02_2_16_Propidium Iodide_001.tif,G3,16,220519_094325_Plate_1,1224
G3_02_1_1_GFP_001.tif,G3_02_2_1_Propidium Iodide_001.tif,G3,1,220519_094325_Plate_1,1224
G3_02_1_2_GFP_001.tif,G3_02_2_2_Propidium Iodide_001.tif,G3,2,220519_094325_Plate_1,1224
G3_02_1_3_GFP_001.tif,G3_02_2_3_Propidium Iodide_001.tif,G3,3,220519_094325_Plate_1,1224
G3_02_1_4_GFP_001.tif,G3_02_2_4_Propidium Iodide_001.tif,G3,4,220519_094325_Plate_1,1224
G3_02_1_5_GFP_001.tif,G3_02_2_5_Propidium Iodide_001.tif,G3,5,220519_094325_Plate_1,1224
G3_02_1_6_GFP_001.tif,G3_02_2_6_Propidium Iodide_001.tif,G3,6,220519_094325_Plate_1,1224
G3_02_1_7_GFP_001.tif,G3_02_2_7_Propidium Iodide_001.tif,G3,7,220519_094325_Plate_1,1224
G3_02_1_8_GFP_001.tif,G3_02_2_8_Propidium Iodide_001.tif,G3,8,220519_094325_Plate_1,1224
G3_02_1_9_GFP_001.tif,G3_02_2_9_Propidium Iodide_001.tif,G3,9,220519_094325_Plate_1,1224
G4_02_1_10_GFP_001.tif,G4_02_2_10_Propidium Iodide_001.tif,G4,10,220519_094325_Plate_1,1224
G4_02_1_11_GFP_001.tif,G4_02_2_11_Propidium Iodide_001.tif,G4,11,220519_094325_Plate_1,1224
G4_02_1_12_GFP_001.tif,G4_02_2_12_Propidium Iodide_001.tif,G4,12,220519_094325_Plate_1,1224
G4_02_1_13_GFP_001.tif,G4_02_2_13_Propidium Iodide_001.tif,G4,13,220519_094325_Plate_1,1224
G4_02_1_14_GFP_001.tif,G4_02_2_14_Propidium Iodide_001.tif,G4,14,220519_094325_Plate_1,1224
G4_02_1_15_GFP_001.tif,G4_02_2_15_Propidium Iodide_001.tif,G4,15,220519_094325_Plate_1,1224
G4_02_1_16_GFP_001.tif,G4_02_2_16_Propidium Iodide_001.tif,G4,16,220519_094325_Plate_1,1224
G4_02_1_1_GFP_001.tif,G4_02_2_1_Propidium Iodide_001.tif,G4,1,220519_094325_Plate_1,1224
G4_02_1_2_GFP_001.tif,G4_02_2_2_Propidium Iodide_001.tif,G4,2,220519_094325_Plate_1,1224
G4_02_1_3_GFP_001.tif,G4_02_2_3_Propidium Iodide_001.tif,G4,3,220519_094325_Plate_1,1224
G4_02_1_4_GFP_001.tif,G4_02_2_4_Propidium Iodide_001.tif,G4,4,220519_094325_Plate_1,1224
G4_02_1_5_GFP_001.tif,G4_02_2_5_Propidium Iodide_001.tif,G4,5,220519_094325_Plate_1,1224
G4_02_1_6_GFP_001.tif,G4_02_2_6_Propidium Iodide_001.tif,G4,6,220519_094325_Plate_1,1224
G4_02_1_7_GFP_001.tif,G4_02_2_7_Propidium Iodide_001.tif,G4,7,220519_094325_Plate_1,1224
G4_02_1_8_GFP_001.tif,G4_02_2_8_Propidium Iodide_001.tif,G4,8,220519_094325_Plate_1,1224
G4_02_1_9_GFP_001.tif,G4_02_2_9_Propidium Iodide_001.tif,G4,9,220519_094325_Plate_1,1224
G5_02_1_10_GFP_001.tif,G5_02_2_10_Propidium Iodide_001.tif,G5,10,220519_094325_Plate_1,1224
G5_02_1_11_GFP_001.tif,G5_02_2_11_Propidium Iodide_001.tif,G5,11,220519_094325_Plate_1,1224
G5_02_1_12_GFP_001.tif,G5_02_2_12_Propidium Iodide_001.tif,G5,12,220519_094325_Plate_1,1224
G5_02_1_13_GFP_001.tif,G5_02_2_13_Propidium Iodide_001.tif,G5,13,220519_094325_Plate_1,1224
G5_02_1_14_GFP_001.tif,G5_02_2_14_Propidium Iodide_001.tif,G5,14,220519_094325_Plate_1,1224
G5_02_1_15_GFP_001.tif,G5_02_2_15_Propidium Iodide_001.tif,G5,15,220519_094325_Plate_1,1224
G5_02_1_16_GFP_001.tif,G5_02_2_16_Propidium Iodide_001.tif,G5,16,220519_094325_Plate_1,1224
G5_02_1_1_GFP_001.tif,G5_02_2_1_Propidium Iodide_001.tif,G5,1,220519_094325_Plate_1,1224
G5_02_1_2_GFP_001.tif,G5_02_2_2_Propidium Iodide_001.tif,G5,2,220519_094325_Plate_1,1224
G5_02_1_3_GFP_001.tif,G5_02_2_3_Propidium Iodide_001.tif,G5,3,220519_094325_Plate_1,1224
G5_02_1_4_GFP_001.tif,G5_02_2_4_Propidium Iodide_001.tif,G5,4,220519_094325_Plate_1,1224
G5_02_1_5_GFP_001.tif,G5_02_2_5_Propidium Iodide_001.tif,G5,5,220519_094325_Plate_1,1224
G5_02_1_6_GFP_001.tif,G5_02_2_6_Propidium Iodide_001.tif,G5,6,220519_094325_Plate_1,1224
G5_02_1_7_GFP_001.tif,G5_02_2_7_Propidium Iodide_001.tif,G5,7,220519_094325_Plate_1,1224
G5_02_1_8_GFP_001.tif,G5_02_2_8_Propidium Iodide_001.tif,G5,8,220519_094325_Plate_1,1224
G5_02_1_9_GFP_001.tif,G5_02_2_9_Propidium Iodide_001.tif,G5,9,220519_094325_Plate_1,1224
G6_02_1_10_GFP_001.tif,G6_02_2_10_Propidium Iodide_001.tif,G6,10,220519_094325_Plate_1,1224
G6_02_1_11_GFP_001.tif,G6_02_2_11_Propidium Iodide_001.tif,G6,11,220519_094325_Plate_1,1224
G6_02_1_12_GFP_001.tif,G6_02_2_12_Propidium Iodide_001.tif,G6,12,220519_094325_Plate_1,1224
G6_02_1_13_GFP_001.tif,G6_02_2_13_Propidium Iodide_001.tif,G6,13,220519_094325_Plate_1,1224
G6_02_1_14_GFP_001.tif,G6_02_2_14_Propidium Iodide_001.tif,G6,14,220519_094325_Plate_1,1224
G6_02_1_15_GFP_001.tif,G6_02_2_15_Propidium Iodide_001.tif,G6,15,220519_094325_Plate_1,1224
G6_02_1_16_GFP_001.tif,G6_02_2_16_Propidium Iodide_001.tif,G6,16,220519_094325_Plate_1,1224
G6_02_1_1_GFP_001.tif,G6_02_2_1_Propidium Iodide_001.tif,G6,1,220519_094325_Plate_1,1224
G6_02_1_2_GFP_001.tif,G6_02_2_2_Propidium Iodide_001.tif,G6,2,220519_094325_Plate_1,1224
G6_02_1_3_GFP_001.tif,G6_02_2_3_Propidium Iodide_001.tif,G6,3,220519_094325_Plate_1,1224
G6_02_1_4_GFP_001.tif,G6_02_2_4_Propidium Iodide_001.tif,G6,4,220519_094325_Plate_1,1224
G6_02_1_5_GFP_001.tif,G6_02_2_5_Propidium Iodide_001.tif,G6,5,220519_094325_Plate_1,1224
G6_02_1_6_GFP_001.tif,G6_02_2_6_Propidium Iodide_001.tif,G6,6,220519_094325_Plate_1,1224
G6_02_1_7_GFP_001.tif,G6_02_2_7_Propidium Iodide_001.tif,G6,7,220519_094325_Plate_1,1224
G6_02_1_8_GFP_001.tif,G6_02_2_8_Propidium Iodide_001.tif,G6,8,220519_094325_Plate_1,1224
G6_02_1_9_GFP_001.tif,G6_02_2_9_Propidium Iodide_001.tif,G6,9,220519_094325_Plate_1,1224
G7_02_1_10_GFP_001.tif,G7_02_2_10_Propidium Iodide_001.tif,G7,10,220519_094325_Plate_1,1224
G7_02_1_11_GFP_001.tif,G7_02_2_11_Propidium Iodide_001.tif,G7,11,220519_094325_Plate_1,1224
G7_02_1_12_GFP_001.tif,G7_02_2_12_Propidium Iodide_001.tif,G7,12,220519_094325_Plate_1,1224
G7_02_1_13_GFP_001.tif,G7_02_2_13_Propidium Iodide_001.tif,G7,13,220519_094325_Plate_1,1224
G7_02_1_14_GFP_001.tif,G7_02_2_14_Propidium Iodide_001.tif,G7,14,220519_094325_Plate_1,1224
G7_02_1_15_GFP_001.tif,G7_02_2_15_Propidium Iodide_001.tif,G7,15,220519_094325_Plate_1,1224
G7_02_1_16_GFP_001.tif,G7_02_2_16_Propidium Iodide_001.tif,G7,16,220519_094325_Plate_1,1224
G7_02_1_1_GFP_001.tif,G7_02_2_1_Propidium Iodide_001.tif,G7,1,220519_094325_Plate_1,1224
G7_02_1_2_GFP_001.tif,G7_02_2_2_Propidium Iodide_001.tif,G7,2,220519_094325_Plate_1,1224
G7_02_1_3_GFP_001.tif,G7_02_2_3_Propidium Iodide_001.tif,G7,3,220519_094325_Plate_1,1224
G7_02_1_4_GFP_001.tif,G7_02_2_4_Propidium Iodide_001.tif,G7,4,220519_094325_Plate_1,1224
G7_02_1_5_GFP_001.tif,G7_02_2_5_Propidium Iodide_001.tif,G7,5,220519_094325_Plate_1,1224
G7_02_1_6_GFP_001.tif,G7_02_2_6_Propidium Iodide_001.tif,G7,6,220519_094325_Plate_1,1224
G7_02_1_7_GFP_001.tif,G7_02_2_7_Propidium Iodide_001.tif,G7,7,220519_094325_Plate_1,1224
G7_02_1_8_GFP_001.tif,G7_02_2_8_Propidium Iodide_001.tif,G7,8,220519_094325_Plate_1,1224
G7_02_1_9_GFP_001.tif,G7_02_2_9_Propidium Iodide_001.tif,G7,9,220519_094325_Plate_1,1224
G8_02_1_10_GFP_001.tif,G8_02_2_10_Propidium Iodide_001.tif,G8,10,220519_094325_Plate_1,1224
G8_02_1_11_GFP_001.tif,G8_02_2_11_Propidium Iodide_001.tif,G8,11,220519_094325_Plate_1,1224
G8_02_1_12_GFP_001.tif,G8_02_2_12_Propidium Iodide_001.tif,G8,12,220519_094325_Plate_1,1224
G8_02_1_13_GFP_001.tif,G8_02_2_13_Propidium Iodide_001.tif,G8,13,220519_094325_Plate_1,1224
G8_02_1_14_GFP_001.tif,G8_02_2_14_Propidium Iodide_001.tif,G8,14,220519_094325_Plate_1,1224
G8_02_1_15_GFP_001.tif,G8_02_2_15_Propidium Iodide_001.tif,G8,15,220519_094325_Plate_1,1224
G8_02_1_16_GFP_001.tif,G8_02_2_16_Propidium Iodide_001.tif,G8,16,220519_094325_Plate_1,1224
G8_02_1_1_GFP_001.tif,G8_02_2_1_Propidium Iodide_001.tif,G8,1,220519_094325_Plate_1,1224
G8_02_1_2_GFP_001.tif,G8_02_2_2_Propidium Iodide_001.tif,G8,2,220519_094325_Plate_1,1224
G8_02_1_3_GFP_001.tif,G8_02_2_3_Propidium Iodide_001.tif,G8,3,220519_094325_Plate_1,1224
G8_02_1_4_GFP_001.tif,G8_02_2_4_Propidium Iodide_001.tif,G8,4,220519_094325_Plate_1,1224
G8_02_1_5_GFP_001.tif,G8_02_2_5_Propidium Iodide_001.tif,G8,5,220519_094325_Plate_1,1224
G8_02_1_6_GFP_001.tif,G8_02_2_6_Propidium Iodide_001.tif,G8,6,220519_094325_Plate_1,1224
G8_02_1_7_GFP_001.tif,G8_02_2_7_Propidium Iodide_001.tif,G8,7,220519_094325_Plate_1,1224
G8_02_1_8_GFP_001.tif,G8_02_2_8_Propidium Iodide_001.tif,G8,8,220519_094325_Plate_1,1224
G8_02_1_9_GFP_001.tif,G8_02_2_9_Propidium Iodide_001.tif,G8,9,220519_094325_Plate_1,1224
G9_02_1_10_GFP_001.tif,G9_02_2_10_Propidium Iodide_001.tif,G9,10,220519_094325_Plate_1,1224
G9_02_1_11_GFP_001.tif,G9_02_2_11_Propidium Iodide_001.tif,G9,11,220519_094325_Plate_1,1224
G9_02_1_12_GFP_001.tif,G9_02_2_12_Propidium Iodide_001.tif,G9,12,220519_094325_Plate_1,1224
G9_02_1_13_GFP_001.tif,G9_02_2_13_Propidium Iodide_001.tif,G9,13,220519_094325_Plate_1,1224
G9_02_1_14_GFP_001.tif,G9_02_2_14_Propidium Iodide_001.tif,G9,14,220519_094325_Plate_1,1224
G9_02_1_15_GFP_001.tif,G9_02_2_15_Propidium Iodide_001.tif,G9,15,220519_094325_Plate_1,1224
G9_02_1_16_GFP_001.tif,G9_02_2_16_Propidium Iodide_001.tif,G9,16,220519_094325_Plate_1,1224
G9_02_1_1_GFP_001.tif,G9_02_2_1_Propidium Iodide_001.tif,G9,1,220519_094325_Plate_1,1224
G9_02_1_2_GFP_001.tif,G9_02_2_2_Propidium Iodide_001.tif,G9,2,220519_094325_Plate_1,1224
G9_02_1_3_GFP_001.tif,G9_02_2_3_Propidium Iodide_001.tif,G9,3,220519_094325_Plate_1,1224
G9_02_1_4_GFP_001.tif,G9_02_2_4_Propidium Iodide_001.tif,G9,4,220519_094325_Plate_1,1224
G9_02_1_5_GFP_001.tif,G9_02_2_5_Propidium Iodide_001.tif,G9,5,220519_094325_Plate_1,1224
G9_02_1_6_GFP_001.tif,G9_02_2_6_Propidium Iodide_001.tif,G9,6,220519_094325_Plate_1,1224
G9_02_1_7_GFP_001.tif,G9_02_2_7_Propidium Iodide_001.tif,G9,7,220519_094325_Plate_1,1224
G9_02_1_8_GFP_001.tif,G9_02_2_8_Propidium Iodide_001.tif,G9,8,220519_094325_Plate_1,1224
G9_02_1_9_GFP_001.tif,G9_02_2_9_Propidium Iodide_001.tif,G9,9,220519_094325_Plate_1,1224
